CL_INS_1,450_5,4583_3
START_CORE450-:U_CORE449+,5,"E00001,E00003,E00004,E00005,E00033"
START_CORE450-:5502-:5503+:4590+:4589+:4588+:4587+:4586+:4585-:4584+:STOP_CORE4583-,4,"E00002,E00032,E00034,E00035"
START_CORE450-,1,E00031
START_CORE4583+:6815-:6816-:6817-:6818-:6819-:8754+:8753+:8752+:8751-:8750-:8749-:8748+:8747+:8746+:6560+:8745-:8744+:8743+:8742-,1,E00033
START_CORE4583+:6815-:6816-:6817-:6818-:6819-:6820+:6821+:6822+:6823+:6824-:6825+:6826+:6827-:6828-:6829-:6830+:6831+:6832+:4916-:6833-:4914+:4913+:4912+:4911+:4910-:4909+:4908-:4907-:2471+:2470+:2469+:2468-:2467+:2500+:2501+:4903-:U_CORE41-,1,E00004
START_CORE4583+:6815-,1,E00031
START_CORE4583+:4584-:4585+:4586-:4587-:4588-:4589-:4590-:4591-:U_CORE4592-,2,"E00001,E00005"
START_CORE4583+:4584-:4585+:4586-:4587-:4588-:4589-:4590-:4591-:6190+:6191+:U_CORE4592-,1,E00003
CL_INS_2,531_3,534_3
START_CORE531+:532+:533+:STOP_CORE534-,1,E00001
START_CORE531+:STOP_CORE534-,5,"E00003,E00004,E00005,E00031,E00033"
START_CORE531+:533+:STOP_CORE534-,4,"E00002,E00032,E00034,E00035"
CL_INS_3,534_5,535_3
START_CORE534-:STOP_CORE535-,7,"E00001,E00002,E00005,E00031,E00032,E00034,E00035"
START_CORE534-:5821-:5822-:5823+:STOP_CORE535-,1,E00003
START_CORE534-:5821-:7166-:7165-:7164-:7163-:5823+:STOP_CORE535-,2,"E00004,E00033"
CL_INS_4,562_5,568_3
START_CORE562-:563-:565-:566+:567-:STOP_CORE568-,1,E00003
START_CORE562-:563-:564-:565-:566+:567-:STOP_CORE568-,3,"E00001,E00004,E00031"
START_CORE562-:STOP_CORE568-,5,"E00002,E00005,E00032,E00034,E00035"
START_CORE562-:564-:565-:566+:567-:STOP_CORE568-,1,E00033
CL_INS_5,569_5,570_3
START_CORE569-:STOP_CORE570-,5,"E00001,E00004,E00005,E00031,E00033"
START_CORE569-:5501+:5500+:5499+:5498+:STOP_CORE570-,4,"E00002,E00032,E00034,E00035"
START_CORE569-:5500+:5499+:5498+:STOP_CORE570-,1,E00003
CL_INS_6,587_5,590_3
START_CORE587-:588-:589-:STOP_CORE590-,2,"E00001,E00005"
START_CORE587-:588-:STOP_CORE590-,4,"E00002,E00032,E00034,E00035"
START_CORE587-:STOP_CORE590-,4,"E00003,E00004,E00031,E00033"
CL_INS_7,593_3,631_3
START_CORE593+:5497+:5496+:5495+:5494+:5493-:5492-:5491-:5490-:5489-:5488-:5487-:5486-:5485-:5484+:5483+:5482+:5481+:5480+:5479+:5478+:5477+:5476+:5475+:5474+:5473-:5472+:5471-:5470-:5469-:5468-:5467-:5466-:STOP_CORE631-,4,"E00002,E00032,E00034,E00035"
START_CORE593+:5497+:7170-:7171-:7172-:7173-:7174-:7175-:7176-:7177-:7178-:7179-:7180-:7181-:7182-:7183-:7184-:7185-:7186-:7187-:7188-:7189+:7190-:7191-:7192+:7193+:7194+:7195+:7196+:7197+:7198+:5480+:5478+:5476+:5475+:5474+:7199+:627-:STOP_CORE631-,1,E00005
START_CORE593+:5497+:5824+:5825-:5826+:5827+:5828+:5829+:5830+:5831-:5832+:5833+:5834+:5835+:5836+:U_CORE640+,1,E00003
START_CORE593+:594+:595-:596-:597+:598+:599+:600+:601+:602+:603+:604+:605+:606+:607-:608-:609+:610-:611-:612-:613+:614+:615+:616+:617+:618+:619-:620-:621+:622+:623-:624-:625-:626-:627-:628-:629-:630-:STOP_CORE631-,1,E00001
START_CORE593+:7162+:7161+:7160-:595-:596-:7159+:7158+:7157+:3156+:599+:7156+:7155+:7154+:7153+:7152+:606+:607-:7151-:627-:628-:629-:630-:STOP_CORE631-,1,E00004
START_CORE593+:8650-:8649+:8648+:8647+:8646-:8645-:8644-:8643-:8642-:8641-:8640-:8639-:8638-:8637-:8636-:5472+:8635+:8634+:8633+:627-:629-:STOP_CORE631-,1,E00033
START_CORE593+:8206+:8207+:8208+:8209-:8210-:8211-:8212-:8213-,1,E00031
START_CORE631+:629+:8430-:8429-:8428-,1,E00031
START_CORE631+,1,E00003
CL_INS_8,635_3,636_3
START_CORE635+:7200-:5464-:STOP_CORE636-,1,E00005
START_CORE635+:5465-:5464-:STOP_CORE636-,4,"E00002,E00032,E00034,E00035"
START_CORE635+:STOP_CORE636-,4,"E00001,E00004,E00031,E00033"
START_CORE635+,1,E00003
START_CORE636+,1,E00003
CL_INS_9,638_5,640_5
START_CORE638-:639-:STOP_CORE640+,5,"E00001,E00004,E00005,E00031,E00033"
START_CORE638-:STOP_CORE640+,4,"E00002,E00032,E00034,E00035"
START_CORE638-,1,E00003
START_CORE640-:5836-:5835-:5834-:5833-:5832-:5831+:5830-:5829-:5828-:5827-:5826-:5825+:5824-:5497-:U_CORE593-,1,E00003
CL_INS_10,645_5,647_5
START_CORE645-:STOP_CORE647+,6,"E00002,E00003,E00005,E00032,E00034,E00035"
START_CORE645-:646-:STOP_CORE647+,4,"E00001,E00004,E00031,E00033"
CL_INS_11,656_3,657_5
START_CORE656+:STOP_CORE657+,3,"E00001,E00004,E00033"
START_CORE656+:5463-:5462+:STOP_CORE657+,7,"E00002,E00003,E00005,E00031,E00032,E00034,E00035"
CL_INS_12,657_3,658_5
START_CORE657+:5461+:STOP_CORE658+,6,"E00002,E00003,E00005,E00032,E00034,E00035"
START_CORE657+:STOP_CORE658+,4,"E00001,E00004,E00031,E00033"
CL_INS_13,662_5,667_5
START_CORE662-:663+:664+:665-:666-:STOP_CORE667+,2,"E00001,E00033"
START_CORE662-:663+:664+,1,E00031
START_CORE662-:STOP_CORE667+,1,E00003
START_CORE662-:5460+:STOP_CORE667+,5,"E00002,E00005,E00032,E00034,E00035"
START_CORE662-:665-:666-:STOP_CORE667+,1,E00004
START_CORE667-:666+:665+,1,E00031
CL_INS_14,694_5,696_5
START_CORE694-:695+:STOP_CORE696+,4,"E00001,E00004,E00031,E00033"
START_CORE694-:695+:5845+:STOP_CORE696+,1,E00003
START_CORE694-:STOP_CORE696+,5,"E00002,E00005,E00032,E00034,E00035"
CL_INS_15,710_3,712_3
START_CORE710+:STOP_CORE712-,4,"E00002,E00032,E00034,E00035"
START_CORE710+:711-:STOP_CORE712-,6,"E00001,E00003,E00004,E00005,E00031,E00033"
CL_INS_16,716_3,717_3
START_CORE716+:STOP_CORE717-,4,"E00001,E00004,E00031,E00033"
START_CORE716+:5457-:STOP_CORE717-,1,E00003
START_CORE716+:5459-:5458-:5457-:STOP_CORE717-,5,"E00002,E00005,E00032,E00034,E00035"
CL_INS_17,753_3,762_5
START_CORE753+:STOP_CORE762+,6,"E00002,E00005,E00031,E00032,E00034,E00035"
START_CORE753+:754+:755+:756-:757-:758-:759-:760-:761+:STOP_CORE762+,4,"E00001,E00003,E00004,E00033"
CL_INS_18,790_3,792_3
START_CORE790+:791+:STOP_CORE792-,4,"E00001,E00003,E00004,E00033"
START_CORE790+:STOP_CORE792-,6,"E00002,E00005,E00031,E00032,E00034,E00035"
CL_INS_19,851_3,853_3
START_CORE851+:5456-:STOP_CORE853-,4,"E00002,E00032,E00034,E00035"
START_CORE851+:5871-:STOP_CORE853-,1,E00003
START_CORE851+:U_CORE859-,1,E00031
START_CORE851+:852-:STOP_CORE853-,4,"E00001,E00004,E00005,E00033"
START_CORE853+,1,E00031
CL_INS_20,869_3,874_5
START_CORE869+:STOP_CORE874+,7,"E00002,E00003,E00005,E00031,E00032,E00034,E00035"
START_CORE869+:870+:871+:872+:873+:STOP_CORE874+,3,"E00001,E00004,E00033"
CL_INS_21,932_3,940_3
START_CORE932+:933+:934+:935+:936+:937+:938+:939+:STOP_CORE940-,4,"E00001,E00004,E00031,E00033"
START_CORE932+:STOP_CORE940-,2,"E00003,E00005"
START_CORE932+:5455+:5454+:5453-:5452+:5451+:5450+:5449+:5448+:5447+:5446+:5445+:5444+:5443+:5442+:5441+:5440+:5439+:5438+:5437+:5436+:5435+:5434+:5433+:5432-:5431-:5430-:5429-:5428-:STOP_CORE940-,4,"E00002,E00032,E00034,E00035"
CL_INS_22,959_3,960_3
START_CORE959+:7150+:7149+:7148+:7147+:STOP_CORE960-,1,E00004
START_CORE959+:7201-:7202-:7203-:7204-:7205-:7206-:7207+:7208+:7209-:7210-:STOP_CORE960-,1,E00005
START_CORE959+:8202+:8201+:8200+:8199-:8198-:8197-:8196-:8195-:8194-:8193-:8192-:8191-:8190-:8189+:8188+:5885+:U_CORE964-,1,E00031
START_CORE959+:STOP_CORE960-,1,E00001
START_CORE959+:5427+:5426+:5425+:5424+:STOP_CORE960-,1,E00002
START_CORE959+:5427+:5426+,3,"E00032,E00034,E00035"
START_CORE959+:8699+:8700+:8701+:8702+:8703+:8704+:8705+:8706+:8707+:8708-:8709-:8710-:8711-:8712-:8713-:8714+:5625+:5626+:8715-:5627+:5628-:8716-:STOP_CORE960-,1,E00033
START_CORE959+:5872+:5873-:5874-:5875-:5876-:5877+:5878+:5879+:5880-:5881+:U_CORE962-,1,E00003
START_CORE960+,5,"E00003,E00031,E00032,E00034,E00035"
CL_INS_23,1025_3,1030_3
START_CORE1025+:1026+:1027-:1028-:1029-:STOP_CORE1030-,3,"E00001,E00004,E00033"
START_CORE1025+:STOP_CORE1030-,7,"E00002,E00003,E00005,E00031,E00032,E00034,E00035"
CL_INS_24,1033_5,1043_3
START_CORE1033-:STOP_CORE1043-,5,"E00002,E00031,E00032,E00034,E00035"
START_CORE1033-:1034-:1035-:1036-:1037-:1038-:1039-:1040+:1041+:1042+:STOP_CORE1043-,5,"E00001,E00003,E00004,E00005,E00033"
CL_INS_25,1059_3,1060_3
START_CORE1059+:5423+:5422+:STOP_CORE1060-,5,"E00002,E00005,E00032,E00034,E00035"
START_CORE1059+:STOP_CORE1060-,5,"E00001,E00003,E00004,E00031,E00033"
CL_INS_26,1077_3,1080_3
START_CORE1077+:STOP_CORE1080-,5,"E00002,E00005,E00032,E00034,E00035"
START_CORE1077+:1078-:1079+:STOP_CORE1080-,5,"E00001,E00003,E00004,E00031,E00033"
CL_INS_27,1142_5,1150_3
START_CORE1142-:5888-:5889-:5890-:5891-:STOP_CORE1150-,1,E00003
START_CORE1142-:7396-:8674+:8675+:8676+:5378+:U_CORE1207+,1,E00033
START_CORE1142-:1143-:1144-:7097-:7096-:7095-:U_CORE1209+,1,E00004
START_CORE1142-:1143-:1144-:1145-:1146-:1147-:1148-:1149-:STOP_CORE1150-,1,E00001
START_CORE1142-:1145-:1146-:5421-:1148-:5420-:STOP_CORE1150-,4,"E00002,E00032,E00034,E00035"
START_CORE1142-,2,"E00005,E00031"
START_CORE1150+:7394+:1148+:7395+:7396+:7397+:7010+:U_CORE2903-,1,E00005
START_CORE1150+:8783-:8784+:8785+:8786+:8787+:7397+:7010+:U_CORE2903-,1,E00033
START_CORE1150+:8127+:8128+:8129+:8130+:8131+:8132+:8133+:8134+:8135+:U_CORE3002-,1,E00031
START_CORE1150+,1,E00004
CL_INS_28,1150_5,5416_3
START_CORE1150-:1151-:1152-:1153-:1154-:1155-:1156-:1157-:1158+:1159-:1160-:1161+:1162+:1163+:1164+:1165+:1166+:1167+:1168+:1169+:1170+:1171+:1172+:1173+:1174+:1175+:1176+:1177+:1178+:1179+:1180+:1181+:1182+:1183+:1184+:1185+:1186+:1187+:1188+:1189+:1190+:1191+:1192+:1193+:1194+:1195+:1196+:U_CORE1197+,1,E00001
START_CORE1150-:1151-:5419-:5418-:5417-:1155-:STOP_CORE5416-,4,"E00002,E00032,E00034,E00035"
START_CORE1150-:8782-:STOP_CORE5416-,1,E00033
START_CORE1150-:5892-:5893-:5894-:5895-:5896-:5897-:5898-:5899-:5900-:STOP_CORE5416-,1,E00003
START_CORE1150-:8126-:8125-:8124-:1155-:8123-:8122-:8121-:5901-:8120+:5412+:8119-:5407-:5406+:8118+:8117+:8116+:1165+:8115+:8114+:8113+:1174+:5396+:8112+:8111+:8110+:8109+:8108+:8107+:8106+:8105+:8104+:8103+:8102+:8101+:8100+:8099+:8098+:8097+:8096+:8095+:8094+:8093+:8092+:8091+:8090+:8089+:8088+:8087+:8086+:8085-:8084+:8083+:8082+:8081+:U_CORE3001+,1,E00031
START_CORE1150-:7393-:7392-:5419-:5418-:5417-:1155-:STOP_CORE5416-,1,E00005
START_CORE1150-,1,E00004
START_CORE5416+:7858+:7859+:5899+:5898+:7860+:7861+:5893+:7862+:7863+:7864+:7865+:7866+:7867+:U_CORE2060+,1,E00031
START_CORE5416+,2,"E00001,E00004"
CL_INS_29,5415_5,1197_5
START_CORE5415-:8781-:8780+:8779-:5412+:8778-:8777-:8776+:1162+:8775+:8774+:1164+:8773+:8772+:8771+:7254+:8770+:8769+:1194+:1195+:8768+:U_CORE1201+,1,E00033
START_CORE5415-:5901-:7391-:7390-:7389-:7388+:7387+:7386+:7385+:5906+:7384+:7383+:7382+:7381+:7380+:5396+:5395+:7379+:7378+:1180+:1181+:7377+:7376+:7375+:7374+:7373+:7372-:5919+:5920+:7371+:1191+:1193+:1194+:1195+:1196+:STOP_CORE1197+,1,E00005
START_CORE5415-:5901-:5902-:5412+:5903-:5904-:5905+:1162+:1163+:1164+:5906+:5907+:5908+:5909+:5910+:5911+:5912+:5913+:5914+:5915+:5394+:5916+:5917+:5918+:5919+:5920+:1191+:1192+:1193+:1194+:1195+:1196+:STOP_CORE1197+,1,E00003
START_CORE5415-:5414-:5413-:5412+:5411-:5410-:5409-:5408-:5407-:5406+:5405+:5404+:5403+:5402+:5401+:5400+:5399+:5398+:5397+:5396+:5395+:1178+:1180+:1181+:5394+:1183+:5393+:1185+:5392+:5391+:5390+:5389+:5388+:5387+:5386+:5385+:5384+:5383+:5382+:STOP_CORE1197+,4,"E00002,E00032,E00034,E00035"
START_CORE5415-:7857-:7856-:5904-:7855+:7387+:7854+:1164+:5906+:7853+:7852+:7851+:7850+:7849+:5911+:7848+:7847+:7846+:1178+:7845+:7040+:7844+:7843+:7842+:7841-:7840+:7839-:7838+:7837+:7836+:7835+,1,E00031
START_CORE5415-,2,"E00001,E00004"
START_CORE1197-:1196-:1195-:1194-:1193-:1192-:1191-:5920-:5919-:5918-:5917-:8287-:8286-:8285-:8284-:8283-:8282-:8281-:8280-:8279-:8278-:8277-:8276-:8275-:8274-:8273-:8272-:8271-:8270-:8269-:8268+:8267+:8266+:8265+:8264+:8263+:8262+:8261+:8260+:8259+:8258+:8257+:8256+:8255+:8254+:8253+:8252+:8251+:8250+:8249+:8248+:8247+:U_CORE2117-,1,E00031
START_CORE1197-:1196-:1195-:1194-:1193-:1192-:1191-:1190-:1189-:1188-:1187-:1186-:1185-:1184-:1183-:1182-:1181-:1180-:1179-:1178-:1177-:1176-:1175-:1174-:1173-:1172-:1171-:1170-:1169-:1168-:1167-:1166-:1165-:1164-:1163-:1162-:1161-:1160+:1159+:1158-:1157+:1156+:1155+:1154+:1153+:1152+:1151+:U_CORE1150+,1,E00001
START_CORE1197-,2,"E00004,E00033"
CL_INS_30,1201_3,1202_5
START_CORE1201+:STOP_CORE1202+,4,"E00001,E00003,E00005,E00033"
START_CORE1201+:5381+:5380-:STOP_CORE1202+,1,E00002
START_CORE1201+:5381+,3,"E00032,E00034,E00035"
START_CORE1201+,2,"E00004,E00031"
START_CORE1202-,5,"E00004,E00031,E00032,E00034,E00035"
CL_INS_31,1202_3,1207_5
START_CORE1202+:1203+:5379-:1205+:5378+:STOP_CORE1207+,4,"E00002,E00032,E00034,E00035"
START_CORE1202+:1203+:1205+:5378+:STOP_CORE1207+,2,"E00003,E00005"
START_CORE1202+:1203+:1204+:1205+:1206+:STOP_CORE1207+,1,E00001
START_CORE1202+:8767+:8766+:8765+:8764+:8763+:8762-:U_CORE1212-,1,E00033
START_CORE1202+,2,"E00004,E00031"
START_CORE1207-:5378-:8676-:8675-:8674-:7396+:U_CORE1142+,1,E00033
START_CORE1207-,2,"E00004,E00031"
CL_INS_32,1207_3,1209_5
START_CORE1207+:1208+:STOP_CORE1209+,7,"E00001,E00002,E00003,E00005,E00032,E00034,E00035"
START_CORE1207+:8677+:STOP_CORE1209+,1,E00033
START_CORE1207+,2,"E00004,E00031"
START_CORE1209-:7095+:7096+:7097+:1144+:1143+:U_CORE1142+,1,E00004
START_CORE1209-,1,E00031
CL_INS_33,1209_3,1212_3
START_CORE1209+:8678+:7030+,1,E00033
START_CORE1209+:7370+:7369-:STOP_CORE1212-,1,E00005
START_CORE1209+:1210+:5377+:5376-:STOP_CORE1212-,4,"E00002,E00032,E00034,E00035"
START_CORE1209+:1210+:1211+:STOP_CORE1212-,1,E00001
START_CORE1209+:1210+:7094-:STOP_CORE1212-,1,E00004
START_CORE1209+:1210+:STOP_CORE1212-,1,E00003
START_CORE1209+,1,E00031
START_CORE1212+:8762+:8763-:8764-:8765-:8766-:8767-:U_CORE1202-,1,E00033
START_CORE1212+,1,E00031
CL_INS_34,1213_5,1217_5
START_CORE1213-:5375-:5374+:STOP_CORE1217+,4,"E00002,E00032,E00034,E00035"
START_CORE1213-:7608+:U_CORE2118+,1,E00031
START_CORE1213-:5374+:STOP_CORE1217+,1,E00003
START_CORE1213-:1214+:1215+:U_CORE1216-,2,"E00001,E00004"
START_CORE1213-:1214+:1215+:7028+:7368-:U_CORE2901-,1,E00005
START_CORE1213-:1214+:8761+,1,E00033
START_CORE1217-:U_CORE1216+,3,"E00001,E00004,E00033"
START_CORE1217-:8181-:8182-:8183-:8184-:U_CORE1141+,1,E00031
START_CORE1217-:U_CORE1141+,1,E00005
CL_INS_35,1227_3,1229_5
START_CORE1227+:1228+:STOP_CORE1229+,3,"E00001,E00004,E00033"
START_CORE1227+:5922+:U_CORE1230-,2,"E00003,E00031"
START_CORE1227+:STOP_CORE1229+,5,"E00002,E00005,E00032,E00034,E00035"
START_CORE1229-,2,"E00003,E00031"
CL_INS_36,1231_5,1233_5
START_CORE1231-:1232-:STOP_CORE1233+,5,"E00001,E00003,E00004,E00031,E00033"
START_CORE1231-:STOP_CORE1233+,5,"E00002,E00005,E00032,E00034,E00035"
CL_INS_37,1241_5,5368_3
START_CORE1241-:5373+:5372+:5371+:5370+:5369-:STOP_CORE5368-,4,"E00002,E00032,E00034,E00035"
START_CORE1241-:1242+:1243-:1244-:1245-:1246-:1247+:1248+:U_CORE1249-,1,E00001
START_CORE1241-:1242+:1243-:1244-:1245-:1247+:1248+:U_CORE1249-,1,E00033
START_CORE1241-:1242+:1243-:1244-:5923-:1245-:1247+:5924-:5925+:STOP_CORE5368-,1,E00003
START_CORE1241-:1242+:1243-:7093-:7211-:7212+:STOP_CORE5368-,1,E00005
START_CORE1241-:1242+:8180-:8179-:8178-:STOP_CORE5368-,1,E00031
START_CORE1241-:1242+:7093-:7092+:STOP_CORE5368-,1,E00004
START_CORE5368+,2,"E00001,E00033"
CL_INS_38,1249_3,5368_5
START_CORE1249+:1248-:1247-:1245+:1244+:1243+:1242-:U_CORE1241+,1,E00033
START_CORE1249+:1248-:1247-:1246+:1245+:1244+:1243+:1242-:U_CORE1241+,1,E00001
START_CORE1249+:STOP_CORE5368+,8,"E00002,E00003,E00004,E00005,E00031,E00032,E00034,E00035"
START_CORE5368-,2,"E00001,E00033"
CL_INS_39,1263_3,1266_5
START_CORE1263+:7091+:7090-:7089-:7088-:STOP_CORE1266+,2,"E00004,E00033"
START_CORE1263+:STOP_CORE1266+,1,E00003
START_CORE1263+:1265+:STOP_CORE1266+,1,E00005
START_CORE1263+:1264+:1265+:STOP_CORE1266+,5,"E00001,E00002,E00032,E00034,E00035"
START_CORE1263+:8172+:8171+:8170+:8169+:8168+:8167+:U_CORE1270-,1,E00031
START_CORE1266-,1,E00031
CL_INS_40,1295_3,1296_3
START_CORE1295+:5366+:STOP_CORE1296-,6,"E00002,E00005,E00031,E00032,E00034,E00035"
START_CORE1295+:STOP_CORE1296-,4,"E00001,E00003,E00004,E00033"
CL_INS_41,1455_5,1457_3
START_CORE1455-:1456-:STOP_CORE1457-,6,"E00001,E00003,E00004,E00005,E00031,E00033"
START_CORE1455-:STOP_CORE1457-,4,"E00002,E00032,E00034,E00035"
CL_INS_42,1479_3,1488_5
START_CORE1479+:1480+:1481-:1482-:1483-:1484-:1485+:1486+:1487+:STOP_CORE1488+,3,"E00001,E00004,E00033"
START_CORE1479+:7811-:STOP_CORE1488+,1,E00031
START_CORE1479+:STOP_CORE1488+,4,"E00002,E00032,E00034,E00035"
START_CORE1479+,2,"E00003,E00005"
START_CORE1488-:7251-:U_CORE1478-,1,E00005
START_CORE1488-:U_CORE1478-,1,E00003
CL_INS_43,1497_5,1499_3
START_CORE1497-:1498-:STOP_CORE1499-,6,"E00001,E00003,E00004,E00005,E00031,E00033"
START_CORE1497-:STOP_CORE1499-,4,"E00002,E00032,E00034,E00035"
CL_INS_44,1535_3,1537_5
START_CORE1535+:1536-:STOP_CORE1537+,3,"E00001,E00004,E00031"
START_CORE1535+:STOP_CORE1537+,7,"E00002,E00003,E00005,E00032,E00033,E00034,E00035"
CL_INS_45,1556_3,1559_5
START_CORE1556+:STOP_CORE1559+,4,"E00002,E00032,E00034,E00035"
START_CORE1556+:1557+:1558+:STOP_CORE1559+,4,"E00001,E00003,E00005,E00031"
START_CORE1556+,2,"E00004,E00033"
START_CORE1559-,2,"E00004,E00033"
CL_INS_46,1579_3,1580_3
START_CORE1579+:STOP_CORE1580-,3,"E00001,E00004,E00033"
START_CORE1579+:5362+:STOP_CORE1580-,6,"E00002,E00003,E00005,E00032,E00034,E00035"
START_CORE1579+,1,E00031
START_CORE1580+:7957+:7958+:7959-:7960-:7961-:7962-:7963-:7964-:7965-,1,E00031
CL_INS_47,1620_5,1622_3
START_CORE1620-:1621-:STOP_CORE1622-,6,"E00001,E00003,E00004,E00005,E00031,E00033"
START_CORE1620-:STOP_CORE1622-,4,"E00002,E00032,E00034,E00035"
CL_INS_48,1663_3,1667_5
START_CORE1663+:1664-:1665+:7919-:1666-:STOP_CORE1667+,1,E00031
START_CORE1663+:1664-:1665+:1666-:STOP_CORE1667+,3,"E00001,E00004,E00033"
START_CORE1663+:STOP_CORE1667+,6,"E00002,E00003,E00005,E00032,E00034,E00035"
CL_INS_49,1674_3,1677_3
START_CORE1674+:1675+:1676+:STOP_CORE1677-,4,"E00001,E00003,E00031,E00033"
START_CORE1674+:STOP_CORE1677-,6,"E00002,E00004,E00005,E00032,E00034,E00035"
CL_INS_50,1693_3,1695_3
START_CORE1693+:STOP_CORE1695-,6,"E00002,E00005,E00031,E00032,E00034,E00035"
START_CORE1693+:1694+:STOP_CORE1695-,4,"E00001,E00003,E00004,E00033"
CL_INS_51,1705_5,1706_5
START_CORE1705-:STOP_CORE1706+,5,"E00001,E00003,E00004,E00031,E00033"
START_CORE1705-:5361+:STOP_CORE1706+,5,"E00002,E00005,E00032,E00034,E00035"
CL_INS_52,1789_3,1791_3
START_CORE1789+:STOP_CORE1791-,5,"E00002,E00005,E00032,E00034,E00035"
START_CORE1789+:1790+:STOP_CORE1791-,5,"E00001,E00003,E00004,E00031,E00033"
CL_INS_53,1805_5,1806_5
START_CORE1805-:5359+:STOP_CORE1806+,4,"E00002,E00032,E00034,E00035"
START_CORE1805-:STOP_CORE1806+,6,"E00001,E00003,E00004,E00005,E00031,E00033"
CL_INS_54,1815_5,1874_3
START_CORE1815-:STOP_CORE1874-,6,"E00002,E00003,E00004,E00032,E00034,E00035"
START_CORE1815-:1816-:1817-:7904-:7903-:7902-:7901-:7900-:7899-:7898-:1824-:7897-:1825-:1826+:1827+:1828+:1829+:1830+:1831+:1832+:1833+:1834+:7896+:1836+:7260+:1839+:1840+:1841+:7895+:7894+:7893+:7892+:7891+:7890+:7889+:7888+:7438+:7437+:7887+:7886+:7885+:7884+:7883+:7882+:7881+:7880+:7879+:7878+:7877+:7876+:7875+:7317+:7874+:7873+:7872+,1,E00031
START_CORE1815-:1816-:1817-:1818-:1819-:1820-:1821-:1822-:1823-:1824-:1825-:1826+:1827+:1828+:1829+:1830+:1831+:1832+:1833+:1834+:1835+:1836+:1837+:1838-:1839+:1840+:1841+:1842+:1843+:1844-:1845+:1846+:1847-:1848+:1849+:1850+:1851+:1852+:1853+:1854+:1855+:1856+:1857+:1858+:1859+:1860+:1861+:1862+:1863+:1864+:1865+:1866+:1867+:1868+:1869+:1870+:U_CORE1871+,1,E00001
START_CORE1815-:1816-:1817-:1818-:7252-:7253-:7254-:7255-:7256-:1823-:1824-:7257-:7258-:7259+:1827+:1828+:1829+:1830+:1831+:1833+:1834+:1836+:7260+:7261+:7262+:7263+:7264+:1841+:7265+:1843+:7266-:7267+:7268+:7269-:7270+:7271+:7272+:7273+:7274+:7275+:7276+:7277+:7278+:7279+:7280+:7281+:7282+:7283+:7284+:7285+:7286+:7287+:5662+:7288+:5207+:5665+:5209+:U_CORE1871+,1,E00005
START_CORE1815-,1,E00033
START_CORE1874+:1873-:1872-:U_CORE1871-,2,"E00001,E00005"
START_CORE1874+:1873-:1872-:8865-:U_CORE1871-,1,E00033
START_CORE1874+:1873-:1872-,1,E00031
CL_INS_55,1887_3,1888_3
START_CORE1887+:5936-:7065-:7064-:7063-:7062-:7061+:STOP_CORE1888-,2,"E00004,E00033"
START_CORE1887+:5936-:5937-:5938+:5939+:5940+:5941+:5942+:5943+:STOP_CORE1888-,1,E00003
START_CORE1887+:STOP_CORE1888-,7,"E00001,E00002,E00005,E00031,E00032,E00034,E00035"
CL_INS_56,1968_3,1969_5
START_CORE1968+:5358-:STOP_CORE1969+,2,"E00005,E00033"
START_CORE1968+:5358-:5357-:STOP_CORE1969+,5,"E00002,E00004,E00032,E00034,E00035"
START_CORE1968+:STOP_CORE1969+,3,"E00001,E00003,E00031"
CL_INS_57,1992_3,1993_3
START_CORE1992+:STOP_CORE1993-,9,"E00001,E00003,E00004,E00005,E00031,E00032,E00033,E00034,E00035"
START_CORE1992+:5356+:5355+:5354+:5353+:5352+:5351+:5350+:U_CORE1994+,1,E00002
START_CORE1993+,1,E00002
CL_INS_58,1994_5,1993_5
START_CORE1994-:5350-:5351-:5352-:7289-:STOP_CORE1993+,1,E00005
START_CORE1994-:5350-:5351-:5352-:5353-:5354-:5355-:5356-:U_CORE1992-,1,E00002
START_CORE1994-:5350-:5351-:5352-:5353-:5354-,3,"E00032,E00034,E00035"
START_CORE1994-:STOP_CORE1993+,3,"E00001,E00004,E00033"
START_CORE1994-,2,"E00003,E00031"
START_CORE1993-:5944-:5945-:5946-:U_CORE1996-,1,E00003
START_CORE1993-:U_CORE1996-,1,E00031
START_CORE1993-,4,"E00002,E00032,E00034,E00035"
CL_INS_59,2048_5,2052_3
START_CORE2048-:STOP_CORE2052-,5,"E00002,E00005,E00032,E00034,E00035"
START_CORE2048-:2049-:2050-:2051-:STOP_CORE2052-,3,"E00001,E00004,E00033"
START_CORE2048-:5947+:5948+:2049-:5949-:2050-:2051-:STOP_CORE2052-,1,E00003
START_CORE2048-:7868-:STOP_CORE2052-,1,E00031
CL_INS_60,2099_5,2101_3
START_CORE2099-:U_CORE2103+,1,E00005
START_CORE2099-:STOP_CORE2101-,4,"E00002,E00032,E00034,E00035"
START_CORE2099-:8232-:8233+:8234-:8235-:8236-:8237-:U_CORE3431-,1,E00031
START_CORE2099-:2100-:STOP_CORE2101-,4,"E00001,E00003,E00004,E00033"
START_CORE2101+,2,"E00005,E00031"
CL_INS_61,2103_3,2105_3
START_CORE2103+:2104+:STOP_CORE2105-,4,"E00001,E00003,E00004,E00033"
START_CORE2103+:STOP_CORE2105-,5,"E00002,E00005,E00032,E00034,E00035"
START_CORE2103+,1,E00031
START_CORE2105+,1,E00031
CL_INS_62,2107_5,2110_3
START_CORE2107-:2108-:2109-:STOP_CORE2110-,2,"E00001,E00005"
START_CORE2107-:2108-:STOP_CORE2110-,2,"E00002,E00004"
START_CORE2107-:5955-:5956+:5957-:5958+:5959+:5960+:5961+:5962+:5963+:5964-:2109-:STOP_CORE2110-,1,E00003
START_CORE2107-,5,"E00031,E00032,E00033,E00034,E00035"
START_CORE2110+:2109+:8246-:5962-:5961-:8245-:8244-:8243-:5958-:8242-:8241+:8240+:8239+:8238-:U_CORE3425-,1,E00031
START_CORE2110+,4,"E00032,E00033,E00034,E00035"
CL_INS_63,2110_5,2112_5
START_CORE2110-:STOP_CORE2112+,1,E00031
START_CORE2110-:2111-:STOP_CORE2112+,5,"E00001,E00002,E00032,E00034,E00035"
START_CORE2110-:5965-:STOP_CORE2112+,4,"E00003,E00004,E00005,E00033"
CL_INS_64,2125_3,1216_3
START_CORE2125+:7609+:7610-:7611-:7612+:7613+:U_CORE2139-,1,E00031
START_CORE2125+:5349-:5348+:5347+:STOP_CORE1216-,5,"E00002,E00005,E00032,E00034,E00035"
START_CORE2125+:U_CORE2132-,1,E00003
START_CORE2125+:2126-:2127+:2128-:2129-:2130+:2131+:U_CORE2132-,1,E00001
START_CORE2125+:2126-:2127+:2129-:2130+:2131+:U_CORE2132-,2,"E00004,E00033"
START_CORE1216+:1215-:1214-:U_CORE1213+,2,"E00001,E00004"
START_CORE1216+:1215-,1,E00033
START_CORE1216+:8214+:1215-:7030-,1,E00031
START_CORE1216+,1,E00003
CL_INS_65,2132_3,1216_5
START_CORE2132+:STOP_CORE1216+,5,"E00002,E00005,E00032,E00034,E00035"
START_CORE2132+:2131-:2130-:2129+:2128+:2127-:2126+:U_CORE2125-,1,E00001
START_CORE2132+:2131-:2130-:2129+:2127-:2126+:U_CORE2125-,2,"E00004,E00033"
START_CORE2132+:U_CORE2125-,1,E00003
START_CORE2132+,1,E00031
START_CORE1216-:8215-:U_CORE2061-,1,E00031
START_CORE1216-:U_CORE1217+,3,"E00001,E00004,E00033"
START_CORE1216-,1,E00003
CL_INS_66,2138_3,2139_3
START_CORE2138+:STOP_CORE2139-,3,"E00001,E00004,E00033"
START_CORE2138+:5346-:STOP_CORE2139-,5,"E00002,E00005,E00032,E00034,E00035"
START_CORE2138+:5966-:5967-:5968+:5969+:5970+:5971+:STOP_CORE2139-,1,E00003
START_CORE2138+,1,E00031
START_CORE2139+:7613-:7612-:7611+:7610+:7609-:U_CORE2125-,1,E00031
CL_INS_67,2181_3,2183_3
START_CORE2181+:2182-:STOP_CORE2183-,3,"E00001,E00003,E00031"
START_CORE2181+:STOP_CORE2183-,7,"E00002,E00004,E00005,E00032,E00033,E00034,E00035"
CL_INS_68,2190_5,2192_5
START_CORE2190-:2191+:STOP_CORE2192+,3,"E00001,E00003,E00031"
START_CORE2190-:2191+:5344+:STOP_CORE2192+,2,"E00004,E00005"
START_CORE2190-:2191+:5344+,1,E00033
START_CORE2190-:5344+:STOP_CORE2192+,3,"E00002,E00034,E00035"
START_CORE2190-:5344+,1,E00032
START_CORE2192-,2,"E00032,E00033"
CL_INS_69,2200_5,2202_5
START_CORE2200-:8866-:8867-:STOP_CORE2202+,1,E00033
START_CORE2200-:2201-:5343+:STOP_CORE2202+,5,"E00002,E00005,E00032,E00034,E00035"
START_CORE2200-:2201-:STOP_CORE2202+,2,"E00001,E00004"
START_CORE2200-,2,"E00003,E00031"
START_CORE2202-:7659+:7658+:7657+:7656+:7655+:7654+:7653+:7652-:7651+:7650+:U_CORE2199+,1,E00031
START_CORE2202-:6013+:6014+:6015+:6016+:2679-:U_CORE2680-,1,E00003
CL_INS_70,2252_5,2255_5
START_CORE2252-:STOP_CORE2255+,2,"E00004,E00005"
START_CORE2252-:6012+:5341+:STOP_CORE2255+,1,E00003
START_CORE2252-:2254+:STOP_CORE2255+,1,E00033
START_CORE2252-:5341+:STOP_CORE2255+,3,"E00002,E00032,E00035"
START_CORE2252-:5341+:7668+:STOP_CORE2255+,1,E00031
START_CORE2252-:2253+:2254+:STOP_CORE2255+,1,E00001
START_CORE2252-,1,E00034
START_CORE2255-,1,E00034
CL_INS_71,2263_3,2540_3
START_CORE2263+:STOP_CORE2540-,1,E00033
START_CORE2263+:7291-:7292-:7293+:7294+:7295+:7296+:7297+:7298-:7299-:7300-:7301-:7302-:7303-:7304-:STOP_CORE2540-,1,E00005
START_CORE2263+:2264+:STOP_CORE2540-,1,E00004
START_CORE2263+:2264+:2265-:2266-:2267-:2268-:2269-:2270+:2271-:2272+:2273+:2274+:2275+:2276+:2277-:2278-:2279+:2280+:2281-:2282+:2283-:2284-:2285-:2286+:2287+:2288+:2289+:2290-:2291-:2292-:2293-:2294-:2295+:2296+:2297+:2298+:2299+:2300+:2301+:2302+:2303-:2304-:2305-:2306-:2307-:2308-:2309-:2310-:2311-:2312-:2313+:2314+:2315+:2316+:2317+:2318-:2319-:2320-:2321-:2322+:2323-:U_CORE2324-,1,E00001
START_CORE2263+:2265-:2532-:2533-:2534+:2535-:2536-:2537-:2538+:2539-:STOP_CORE2540-,1,E00002
START_CORE2263+:6011-:6010+:6009+:6008+:6007+:6006+:6005-:6004+:6003+:6002-:6001-:6000+:5999-:5998+:5997-:5996-:5995-:5994+:5993+:5992-:5991+:5990+:5989-:5988+:5987-:5986-:5985+:5984+:5983+:5982+:5981+:5980+:5979+:5978+:5977+:5976+:5975+:STOP_CORE2540-,1,E00003
START_CORE2263+,4,"E00031,E00032,E00034,E00035"
START_CORE2540+:2539+:2538-:2537+:2536+:U_CORE2248-,1,E00034
START_CORE2540+:2539+:2538-:2537+:2536+:2535+:2534-:2533+:2532+:2531+:2530+:2529-:2528+:2527+:2526+:2525-:2524-:2523-:2522-:2521-:2520-:2519-:2518-:2517-:2516+:2515+:2514+:2513-:2512-:2511-:2510+:2509-:2508-:2507+:2506+:2505+:2504+:2503+:2502-:2501-:2500-:2499+:2498-:2497-:2496-:2495-:2494-:2493+:2492-:2491+:2490-:2489-:2488-:2487-:2486+:2485-:2484+:2483+:2482-:2481+:2480+:2479+:2478+:2477+:2476+:2475+:2474+:2473+:2472+:2471+:2470+:2469+:2468-:2467+:2466+:2465-:2464-:2463-:2462-:2461+:2460+:2459-:2458+:2457-:2456-:2455-:2454-:2453-:2452-:2451-:2450-:2449-:2448-:2447-:2446-:2445-:2444-:2443-:2442-:2441-:2440-:2439-:2438-:2437-:2436-:2435-:2434-:2433-:2432-:2431+:2430+:2429+:2428+:2427+:2426-:2425-:2424+:2423-:2422-:2421-:2420+:2419-:2418-:2417-:2416+:2415+:2414+:2413+:2412+:2411+:2410+:2409+:2408+:2407+:2406+:2405+:2404+:2403+:2402-:2401-:2400-:2399+:2398+:2397-:2396+:2395+:2394+:2393+:2392+:2391+:2390+:2389+:2388-:2387+:2386+:2385+:2384+:2383+:2382+:2381+:2380+:2379+:2378+:2377+:2376+:2375+:2374+:2373+:2372+:2371+:2370+:2369+:2368+:2367+:2366+:2365+:2364-:2363+:2362+:2361-:2360-:2359-:2358-:2357-:2356-:2355-:2354-:2353-:2352-:2351-:2350-:2349-:2348-:2347+:2346+:2345+:2344+:2343+:2342+:2341+:2340-:2339+:2338+:2337+:2336+:2335+:2334+:2333+:2332+:2331+:2330+:2329+:2328+:2327+:2326+:2325+:U_CORE2324+,1,E00001
START_CORE2540+:2539+:2538-,1,E00032
START_CORE2540+,2,"E00031,E00035"
CL_INS_72,2553_3,2556_5
START_CORE2553+:2554-:2555+:STOP_CORE2556+,3,"E00001,E00004,E00033"
START_CORE2553+:STOP_CORE2556+,6,"E00002,E00005,E00031,E00032,E00034,E00035"
START_CORE2553+:U_CORE2557-,1,E00003
START_CORE2556-,1,E00003
CL_INS_73,2581_5,2583_5
START_CORE2581-:STOP_CORE2583+,4,"E00002,E00032,E00034,E00035"
START_CORE2581-:2582+:U_CORE2584+,1,E00031
START_CORE2581-:2582+:STOP_CORE2583+,5,"E00001,E00003,E00004,E00005,E00033"
START_CORE2583-,1,E00031
CL_INS_74,2600_3,2602_5
START_CORE2600+:2601+:STOP_CORE2602+,7,"E00001,E00002,E00004,E00031,E00032,E00034,E00035"
START_CORE2600+:STOP_CORE2602+,3,"E00003,E00005,E00033"
CL_INS_75,2657_5,2658_5
START_CORE2657-:STOP_CORE2658+,3,"E00001,E00004,E00033"
START_CORE2657-:7305+:7306+:7307+:7308+:5667-:7309+:7310-:7311-:7312-:7313-:5664-:7314-:7315-:7316-:7317-:7318-:7319-:7320-:7321-:5204-:5203-:5201-:5200-:5199-:5198-:5197-:7322-:7323-:7324-:7325-:7326-:7327-:7328-:7329-:7330-:5649-:5183-:7331-:7332-:7333-:7334-:7335-:7336-:7337-:7338+:7339-:7340-:7341-:7342-:7343-:7344-:7345-:7346+:7347-:7348+:7349+:7350+:7351+:7352+:5334+:STOP_CORE2658+,1,E00005
START_CORE2657-:5334+:STOP_CORE2658+,1,E00003
START_CORE2657-:7739-:7740-:7741-:7742+:7743-:STOP_CORE2658+,1,E00031
START_CORE2657-:5339-:5338+:5337+:5336+:5335+:5334+:STOP_CORE2658+,1,E00002
START_CORE2657-:5339-:5338+:5337+,3,"E00032,E00034,E00035"
START_CORE2658-:5334-,3,"E00032,E00034,E00035"
CL_INS_76,2662_5,2680_3
START_CORE2662-:2663-:5974+:U_CORE2199+,1,E00003
START_CORE2662-:2663-:2664-:2665-:7353-:8868-:U_CORE2682-,1,E00033
START_CORE2662-:2663-:2664-:2665-:7353-:7354-:7355-:7356-:7357-:2669-:2670-:7358-:7359-:7360-:2671-:2672-:7361-:2674-:7362-:7363-:7364-:2675-:2676-:2677-:2678-:2679-:STOP_CORE2680-,1,E00005
START_CORE2662-:2663-:2664-:2665-:2666-:2667-:2668-:2669-:2670-:2671-:2672-:2673-:2674-:2675-:2676-:2677-:2678-:2679-:STOP_CORE2680-,1,E00001
START_CORE2662-:2663-:U_CORE2682-,1,E00004
START_CORE2662-:2664-:STOP_CORE2680-,4,"E00002,E00032,E00034,E00035"
START_CORE2662-,1,E00031
START_CORE2680+:2679+:6016-:6015-:6014-:6013-:U_CORE2202+,1,E00003
START_CORE2680+:2679+:2678+:2677+:2676+:8427+:8426+:8425+:8424+:8423+:8422+:8421+:2673+:2672+:2671+:2670+:2669+:8420+:8419+:8418+:U_CORE3338-,1,E00031
START_CORE2680+,2,"E00004,E00033"
CL_INS_77,2695_5,2697_3
START_CORE2695-:2696-:STOP_CORE2697-,6,"E00001,E00003,E00004,E00005,E00031,E00033"
START_CORE2695-:STOP_CORE2697-,4,"E00002,E00032,E00034,E00035"
CL_INS_78,2714_3,2715_5
START_CORE2714+:STOP_CORE2715+,2,"E00001,E00003"
START_CORE2714+:5333+:5332-:STOP_CORE2715+,6,"E00002,E00004,E00005,E00032,E00034,E00035"
START_CORE2714+:5332-:STOP_CORE2715+,1,E00033
START_CORE2714+,1,E00031
START_CORE2715-:7756-:7755-:7754+:7753+:7752-:U_CORE2712-,1,E00031
CL_INS_79,2756_3,2757_3
START_CORE2756+:5331-:5330-:5329-:5328-:5327-:5326-:5325-:5324-:5323-:5322-:5321-:5320-:5319-:5318-:5317-:5316-:5315+:5314-:5313-:5312-:5311-:5310-:5309-:5308-:5307-:5306-:5305-:5304-:5303+:5302+:5301+:5300+:5299-:5298-:5297-:5296-:5295-:5294-:5293-:5292+:5291+:STOP_CORE2757-,2,"E00002,E00034"
START_CORE2756+:5331-:5330-:5329-:5328-:5327-:5326-:5325-:5324-:5323-:5322-:5321-:5320-:5319-:5318-:5317-:5316-:5315+:5314-:5313-:5312-:5311-:5310-:5309-:5308-:5307-:5306-:5305-:5304-,1,E00032
START_CORE2756+:5331-:5330-:5329-:5328-:5327-:5326-:5325-:5324-:5323-:5322-:5321-:5320-:5319-:5318-:5317-:5316-:5315+:5314-:5313-:5312-:5311-:5310-,1,E00035
START_CORE2756+:STOP_CORE2757-,5,"E00001,E00003,E00004,E00005,E00033"
START_CORE2756+:7758-:7759+:7760+:5291+:STOP_CORE2757-,1,E00031
START_CORE2757+:5291-:5292-:5293+:5294+:5295+:5296+:5297+:5298+:5299+:5300-:5301-:5302-:5303-:8571+,1,E00032
START_CORE2757+:5291-:5292-:5293+:5294+:5295+:5296+:5297+:5298+:5299+:5300-:5301-:5302-:5303-,1,E00035
CL_INS_80,2766_5,2767_3
START_CORE2766-:STOP_CORE2767-,3,"E00001,E00003,E00031"
START_CORE2766-:5290+:STOP_CORE2767-,7,"E00002,E00004,E00005,E00032,E00033,E00034,E00035"
CL_INS_81,2809_3,2817_3
START_CORE2809+:7763-:5289-:5288-:5287-:7764-:7765-:7766-:7767-:7768-:7769-:7770-:7771-:7772-:7773-:7774-:7775-:7776-:7777-:7778-:7779-:7780-:7781-:7782-:7783-:7784-:7785-:7786-:7787-:STOP_CORE2817-,1,E00031
START_CORE2809+:6018-:6019-:6020-:6021-:6022-:6023-:2816-:STOP_CORE2817-,1,E00003
START_CORE2809+:2810-:2811-:2812-:2813-:2814+:2815-:2816-:STOP_CORE2817-,1,E00001
START_CORE2809+:2810-:2811-:2816-:STOP_CORE2817-,1,E00033
START_CORE2809+:5289-:5288-:5287-:5286-:5285-:5284-:5283-:5278-:7365-:5277-:5276-:5274-:7366-:5282+:5281-:5280-:5273-:STOP_CORE2817-,1,E00005
START_CORE2809+:5289-:5288-:5287-:5286-:5285-:5284-:5283-:5282+:5281-:5280-:5279-:5278-:5277-:5276-:5275+:5274-:5273-:STOP_CORE2817-,1,E00002
START_CORE2809+:5289-:5288-:5287-:5286-:5285-:5284-,3,"E00032,E00034,E00035"
START_CORE2809+:7021-:5289-:7020-:6018-:5277-:2816-:STOP_CORE2817-,1,E00004
START_CORE2817+:5273+,3,"E00032,E00034,E00035"
CL_INS_82,2817_5,5263_3
START_CORE2817-:5272-:5271-:5266-:5269-:5268-:STOP_CORE5263-,1,E00003
START_CORE2817-:5272-:5271-:5270-:5269-:5268-:5267-:5266-:5265-:5264-:STOP_CORE5263-,2,"E00002,E00005"
START_CORE2817-:5272-:5271-,3,"E00032,E00034,E00035"
START_CORE2817-:7019-:5264-:STOP_CORE5263-,1,E00004
START_CORE2817-:7788-:7789-:7790-:5271-:7791-:7792-:5268-:7793-:7794-:7795-:5264-:STOP_CORE5263-,1,E00031
START_CORE2817-:2818-:U_CORE2819-,2,"E00001,E00033"
START_CORE5263+:2818+,3,"E00032,E00034,E00035"
START_CORE5263+,2,"E00001,E00033"
CL_INS_83,2833_5,2835_3
START_CORE2833-:2834-:STOP_CORE2835-,2,"E00001,E00033"
START_CORE2833-:7798-:STOP_CORE2835-,1,E00031
START_CORE2833-:5262-:5261-:STOP_CORE2835-,6,"E00002,E00004,E00005,E00032,E00034,E00035"
START_CORE2833-,1,E00003
START_CORE2835+:U_CORE2832+,1,E00003
CL_INS_84,2845_3,2847_5
START_CORE2845+:STOP_CORE2847+,5,"E00002,E00005,E00032,E00034,E00035"
START_CORE2845+:2846-:STOP_CORE2847+,4,"E00001,E00003,E00004,E00033"
START_CORE2845+:7803-:7804+:STOP_CORE2847+,1,E00031
CL_INS_85,2901_3,2903_3
START_CORE2901+:7807-:STOP_CORE2903-,1,E00031
START_CORE2901+:7368+:7028-:1215-:1214-:U_CORE1213+,1,E00005
START_CORE2901+:2902+:STOP_CORE2903-,6,"E00001,E00002,E00003,E00032,E00034,E00035"
START_CORE2901+:2902+:7017-:7016-:7015-:7014-:7013-:7012-:7011-:7010+:STOP_CORE2903-,1,E00004
START_CORE2901+:8869-,1,E00033
START_CORE2903+:7010-:7397-:7396-:7395-:1148-:7394-:U_CORE1150-,1,E00005
START_CORE2903+:7010-:7397-:8787-:8786-:8785-:8784-:8783+:U_CORE1150-,1,E00033
CL_INS_86,2911_3,2912_3
START_CORE2911+:5260-:5259-:5258-:6026-:5254-:STOP_CORE2912-,1,E00003
START_CORE2911+:5260-:5259-:5258-:5257-:5256-:5255-:5254-:STOP_CORE2912-,1,E00002
START_CORE2911+:5260-:5259-,3,"E00032,E00034,E00035"
START_CORE2911+:STOP_CORE2912-,5,"E00001,E00004,E00005,E00031,E00033"
START_CORE2912+:5254+:5255+:5256+:5257+,2,"E00032,E00034"
START_CORE2912+:5254+:5255+,1,E00035
CL_INS_87,2982_5,2985_3
START_CORE2982-:STOP_CORE2985-,2,"E00003,E00004"
START_CORE2982-:2983-:STOP_CORE2985-,1,E00005
START_CORE2982-:2983-:5253-:5252-:5251-:5250+:5249+:5248+:5247-:5246-:5245-:5244-:5243-:5242-:5241+:5240-:5239+:5238+:5237+:5236+:5235+:STOP_CORE2985-,4,"E00002,E00032,E00034,E00035"
START_CORE2982-:2983-:2984-:STOP_CORE2985-,1,E00001
START_CORE2982-:8788-:8789-:7414+:7415+:7416-:7417-:7418-:8790-:7419-:7422-:7423-:7424-:7425-:7426-:7427-:7428-:7429-:7430-:7431-:7432-:7433-:7434-:7435-:7436-:7437-:7438-:8791+:8792-:7888-:8793-:8794-:8795-:5649-:8796-:8797-:8798-:8799-:8800-:8801-:8802+:8803-:8804-:8805-:8806-:8807-:8808-:8809-:8810-:8811-:8812+:8813+:8814+:8815+:8816+:5236+:5235+:STOP_CORE2985-,1,E00033
START_CORE2982-,1,E00031
START_CORE2985+:5235-:5236-:8079-:8078-:8077-:8076-:8075-:8074-:8073-:8072-:8071-:8070-:8069-:8068-:8067+:8066+:8065+:8064+:8063-:8062+:5183+:8061+:8060+:8059+:8058+:8057+:8056+:8055+:8054+:8053+:7274+:8052+:8051+:8050+:8049+:1857+:1858+:1860+:1861+:1862+:8048+:1864+:1865+:7285+:7286+:8047+:8046+,1,E00031
CL_INS_88,3058_3,3059_3
START_CORE3058+:5233-:STOP_CORE3059-,5,"E00002,E00032,E00033,E00034,E00035"
START_CORE3058+:STOP_CORE3059-,4,"E00001,E00003,E00004,E00005"
START_CORE3058+:8141+:5233-:8142+:STOP_CORE3059-,1,E00031
CL_INS_89,3064_5,3066_3
START_CORE3064-:3065-:STOP_CORE3066-,6,"E00001,E00003,E00004,E00005,E00031,E00033"
START_CORE3064-:STOP_CORE3066-,4,"E00002,E00032,E00034,E00035"
CL_INS_90,3078_5,3092_3
START_CORE3078-:8143-:8144-:8145-:8146-:8147-:8148-:8149-:8150-:8151-:3089-:3090-:3091-:STOP_CORE3092-,1,E00031
START_CORE3078-:7398-:7399-:7400-:7401-:7402-:STOP_CORE3092-,1,E00005
START_CORE3078-:8843-:8844-:8845-:8846-:8151-:3089-:3090-:3091-:STOP_CORE3092-,1,E00033
START_CORE3078-:3079-:5232-:5231-:5230-:5229-:U_CORE4085+,1,E00004
START_CORE3078-:3079-:5232-:5231-:5230-:5229-:5228-:5227-:5226-:5225-:5224-:5223-:5222-:5221-:5220-:STOP_CORE3092-,3,"E00002,E00032,E00035"
START_CORE3078-:3079-:5231-:5230-:5229-:5228-:5227-:5226-:5225-:5224-:5223-:5222-:5221-:5220-:STOP_CORE3092-,1,E00034
START_CORE3078-:3079-:3080-:3081-:3082-:3083-:3084-:3085-:3086-:3087-:3088-:3089-:3090-:3091-:STOP_CORE3092-,1,E00001
START_CORE3078-:6031-:6032-:6033-:6034-:6035-:6036-:6037-:6038-:STOP_CORE3092-,1,E00003
START_CORE3092+:5220+:5221+:5222+:5223+:7005-:U_CORE4085-,1,E00004
CL_INS_91,3126_3,3127_5
START_CORE3126+:STOP_CORE3127+,4,"E00001,E00003,E00004,E00033"
START_CORE3126+:5218+:STOP_CORE3127+,1,E00005
START_CORE3126+:5219+:5218+:STOP_CORE3127+,4,"E00002,E00032,E00034,E00035"
START_CORE3126+:8152-:STOP_CORE3127+,1,E00031
CL_INS_92,3127_3,3142_3
START_CORE3127+:STOP_CORE3142-,7,"E00002,E00003,E00005,E00031,E00032,E00034,E00035"
START_CORE3127+:3128-:3129-:3130-:3131-:3132-:3133-:3134-:3135-:3136-:3137+:3138-:3139+:3140+:3141+:STOP_CORE3142-,2,"E00001,E00004"
START_CORE3127+:3128-:3129-:3130-:3131-:3132-:3133-,1,E00033
START_CORE3142+:8679-,1,E00033
CL_INS_93,3148_5,3163_5
START_CORE3148-:STOP_CORE3163+,1,E00033
START_CORE3148-:3149+:3150-:3151-:3152-:3153-:3154-:3155-:3156-:3157-:3158-:3159+:3160-:3161-:3162+:STOP_CORE3163+,1,E00001
START_CORE3148-:6039-:6040-:6041-:6042-:6043-:6044-:6045-:6046+:6047+:6048-:6049-:3161-:STOP_CORE3163+,1,E00003
START_CORE3148-:5217+:3162+:STOP_CORE3163+,6,"E00002,E00004,E00005,E00032,E00034,E00035"
START_CORE3148-:8153+:8154+:8155-:8156-:8157+:U_CORE3164+,1,E00031
START_CORE3163-,1,E00031
CL_INS_94,3193_3,3194_3
START_CORE3193+:5216+:5215+:STOP_CORE3194-,5,"E00002,E00005,E00032,E00034,E00035"
START_CORE3193+:STOP_CORE3194-,4,"E00001,E00003,E00004,E00033"
START_CORE3193+:8165+:STOP_CORE3194-,1,E00031
CL_INS_95,3300_5,3302_5
START_CORE3300-:STOP_CORE3302+,4,"E00002,E00032,E00034,E00035"
START_CORE3300-:3301-:STOP_CORE3302+,6,"E00001,E00003,E00004,E00005,E00031,E00033"
CL_INS_96,3338_3,3339_5
START_CORE3338+:STOP_CORE3339+,2,"E00001,E00003"
START_CORE3338+:8418-:8419-:8420-:2669-:2670-:2671-:2672-:2673-:8421-:8422-:8423-:8424-:8425-:8426-:8427-:2676-:2677-:2678-:2679-:U_CORE2680-,1,E00031
START_CORE3338+:5214-:STOP_CORE3339+,7,"E00002,E00004,E00005,E00032,E00033,E00034,E00035"
START_CORE3339-:U_CORE2683+,1,E00031
CL_INS_97,3354_5,3356_5
START_CORE3354-:3355+:STOP_CORE3356+,3,"E00001,E00002,E00005"
START_CORE3354-:3355+,4,"E00032,E00033,E00034,E00035"
START_CORE3354-:STOP_CORE3356+,2,"E00003,E00004"
START_CORE3354-,1,E00031
START_CORE3356-:7831+:7832+:7833+:7834+,1,E00031
START_CORE3356-,4,"E00032,E00033,E00034,E00035"
CL_INS_98,3356_3,3358_5
START_CORE3356+:STOP_CORE3358+,4,"E00002,E00032,E00034,E00035"
START_CORE3356+:3357-:STOP_CORE3358+,6,"E00001,E00003,E00004,E00005,E00031,E00033"
CL_INS_99,3391_5,3393_5
START_CORE3391-:3392+:STOP_CORE3393+,5,"E00001,E00003,E00004,E00005,E00033"
START_CORE3391-:STOP_CORE3393+,5,"E00002,E00031,E00032,E00034,E00035"
CL_INS_100,3422_3,3423_5
START_CORE3422+:5213-:5212+:STOP_CORE3423+,6,"E00002,E00005,E00031,E00032,E00034,E00035"
START_CORE3422+:6050-:STOP_CORE3423+,1,E00003
START_CORE3422+:STOP_CORE3423+,3,"E00001,E00004,E00033"
CL_INS_101,3487_5,3489_3
START_CORE3487-:3488-:STOP_CORE3489-,5,"E00001,E00003,E00004,E00031,E00033"
START_CORE3487-:STOP_CORE3489-,5,"E00002,E00005,E00032,E00034,E00035"
CL_INS_102,3547_3,3546_5
START_CORE3547+:STOP_CORE3546+,8,"E00001,E00003,E00005,E00031,E00032,E00033,E00034,E00035"
START_CORE3547+:5153+:6977+:5154-:5155-:6978-:5156-:6979-:6980-:6981-:6982-:6983+:6984-:6985+:5166+:6986+:6987+:6988+:5169+:5170+:6989+:6990+:6991+:5174+:5175+:6992+:5176+:5177+:6993+:6994+:6995+:6996+:6997+:5647+:5648+:5649+:5650+:5651+:6998-:6999-:7000+:7001+:7002+:7003+:5191+:5192+:5193+:5194+:5195+:5196+:5197+:5198+:5199+:5200+:5201+:5202+:5203+:5204+:5205+:5206+:1865+:1866+:1867+:1868+:1869+:1870+:U_CORE1871+,1,E00004
START_CORE3547+:5153+:5154-:5155-:5156-:5157-:5158-:5159-:5160-:5161-:5162+:5163-:5164-:5165+:5166+:5167+:5168+:5169+:5170+:5171+:5172+:5173+:5174+:5175+:5176+:5177+:5178+:5179+:5180+:5181+:5182+:5183+:5184+:5185+:5186+:5187+:5188+:5189+:5190+:5191+:5192+:5193+:5194+:5195+:5196+:5197+:5198+:5199+:5200+:5201+:5202+:5203+:5204+:5205+:5206+:1865+:1866+:1867+:1868+:1869+:5207+:5208+:5209+:5210+:1872+:5211+:STOP_CORE3546+,1,E00002
START_CORE3546-:1872-:7004+:U_CORE1871-,1,E00004
CL_INS_103,3570_5,3571_3
START_CORE3570-:5151+:7404-:5150-:5149-:7405-:5325-:5148-:5147-:5146-:5145-:5144-:5544-:5543-:5542-:5541-:5540-:5135-:5134-:5133-:5132-:5131-:5130-:5533-:5532-:5531-:5530-:5529+:5528+:7406-:7407-:7408-:5121-:5120-:7409-:5119-:5118-:5117-:5673-:5672-:5671+:5670+:STOP_CORE3571-,1,E00005
START_CORE3570-:5151+:5150-:5149-:5148-:5147-:5146-:5145-:5144-:5143-:5142-:5141-:5140-:5139+:5138-:5137-:5136-:5135-:5134-:5133-:5132-:5131-:5130-:5129-:5128-:5127-:5126-:5125+:5124+:5123-:5122-:5121-:5120-:5119-:5118-:5117-:5116-:5115-:5114+:5113+:5112+:5111-:5110-:5109-:5108-:5107-:5106-:5105-,1,E00002
START_CORE3570-:5151+:5150-:5149-:7405-:5148-:5147-:5146-:5145-:5144-:5143-:5142-:5141-:5140-:5139+:5138-:5137-:5136-:5135-:5134-:5133-:5132-:5131-:5130-:5129-:5128-:5127-:5126-:5125+:5124+:5123-:5122-:5121-:5120-:5119-:5118-:5117-:5673-:5672-:5671+:5670+:STOP_CORE3571-,1,E00034
START_CORE3570-:5151+:5150-:5149-:7405-:5148-:5147-:5146-:5145-:5144-:5143-:5142-:5141-:5140-:5139+:5138-:5137-:5136-:5135-:5134-:5133-:5132-:5131-:5130-:5129-:5128-:5127-:5126-,1,E00032
START_CORE3570-:5151+:5150-:5149-:7405-:5148-:5147-:5146-:5145-:5144-:5143-:5142-:5141-:5140-:5139+:5138-:5137-:5136-:5135-:5134-:5133-:5132-,1,E00035
START_CORE3570-:STOP_CORE3571-,5,"E00001,E00003,E00004,E00031,E00033"
START_CORE3571+:5670-:5671-:5672+:5673+:5117+:5118+:5119+:5120+:5121+:5122+:5123+:5124-:5125-:8570+,1,E00032
START_CORE3571+:5670-:5671-:5672+:5673+:5117+:5118+:5119+:5120+:5121+:5122+:5123+:5124-:5125-,1,E00035
START_CORE3571+:5670-:5671-:5672+:5673+:5674+:5675+:5676+:5677+,1,E00002
CL_INS_104,3593_3,1871_3
START_CORE3593+:8324-:8323+:8322-:8321-:8320-:8319+:8318+:8317+:8316+:8315+:8314+:8313+:8312-:8311-:8310+:8309+:8308+:8307-:8306-:8305-:8304+:8303+:U_CORE3663+,1,E00031
START_CORE3593+:6976+:8740-:8739-:8738-:5619+:8737+:8736+:8735+:5616-:5615-:8734-:8733-:8732-:8731-:8730-:3595+:3596+:3597+:3598+:3599+:3600-:3601-:3602-:3603-:3604-:3605-:3606-:3607-:3608-:3609-:3610-:3611-:3612-:3613-:3614-:3615-:3616-:3617-:3618-:3619+:3620+:3621+:3622-:3623-:3624-:3625+:3626+:3627+:3628-:3629-:3630-:3631-:3632-:3633-:3634-:3635-:3636-:3637-:3638-:3639-:3640-:3641+:3642+:3643+:3644+:3645+:3646+:3647+:3648+:U_CORE3649-,1,E00033
START_CORE3593+:6976+:6975-:6974+:6973+:6972-:6971-:6970-:6969-:6968-:6967-:6966+:6965+:6964+:6963-:6962-:6961+:6960+:6959+:6958+:5480+:5478+:6957+:6956+:6955+:6954+:6953+:6952+:6951+:6950-:3594+:3595+:3596+:3597+:3598+:3599+:3600-:3601-:3602-:3603-:3604-:3605-:3606-:3607-:3608-:3609-:3610-:3611-:3612-:3613-:3614-:3615-:3616-:3617-:3618-:3619+:3620+:3621+:3622-:3623-:3624-:3625+:3626+:3627+:3628-:3629-:3630-:3631-:3632-:3633-:3634-:3635-:3636-:3637-:3638-:3639-:3640-:3641+:3642+:3643+:3644+:3645+:3646+:3647+:3648+:U_CORE3649-,1,E00004
START_CORE3593+:7410+:7411+:7412-:7413-:7414+:7415+:7416-:7417-:7418-:7419-:7420-:7421-:7422-:7423-:7424-:7425-:7426-:7427-:7428-:7429-:7430-:7431-:7432-:7433-:7434-:7435-:7436-:7437-:7438-:7439-:7440-:7441-:7442-:7443-:7444-:7445-:7446-:7447-:7448-:7449-:7450-:7451-:7452+:7453+:7454+:7455+:7456+:7457+:7458+:7459+:7460+:7461+:U_CORE3649-,1,E00005
START_CORE3593+:3594+:3595+:3596+:3597+:3598+:3599+:3600-:3601-:3602-:3603-:3604-:3605-:3606-:3607-:3608-:3609-:3610-:3611-:3612-:3613-:3614-:3615-:3616-:3617-:3618-:3619+:3620+:3621+:3622-:3623-:3624-:3625+:3626+:3627+:3628-:3629-:3630-:3631-:3632-:3633-:3634-:3635-:3636-:3637-:3638-:3639-:3640-:3641+:3642+:3643+:3644+:3645+:3646+:3647+:3648+:U_CORE3649-,1,E00001
START_CORE3593+:5669+:5668-:5667-:5666+:STOP_CORE1871-,3,"E00002,E00034,E00035"
START_CORE3593+:5669+:5668-:5667-:STOP_CORE1871-,1,E00032
START_CORE3593+:6061-:6062-:6063-:6064-:6065+:6066+:6067+:6068+:6069+:3594-:6070+:6071+:6072+:6073-:U_CORE3676-,1,E00003
START_CORE1871+:8865+:1872+:1873+:U_CORE1874-,1,E00033
START_CORE1871+:1872+:1873+:U_CORE1874-,2,"E00001,E00005"
START_CORE1871+:7004-:1872+:U_CORE3546+,1,E00004
START_CORE1871+,2,"E00003,E00031"
CL_INS_105,1871_5,3649_3
START_CORE1871-:1870-:1869-:1868-:1867-:1866-:1865-:1864-:1863-:1862-:1861-:1860-:1859-:1858-:1857-:1856-:1855-:1854-:1853-:1852-:1851-:1850-:1849-:1848-:1847+:1846-:1845-:1844+:1843-:1842-:1841-:1840-:1839-:1838+:1837-:1836-:1835-:1834-:1833-:1832-:1831-:1830-:1829-:1828-:1827-:1826-:1825+:1824+:1823+:1822+:1821+:1820+:1819+:1818+:1817+:1816+:U_CORE1815+,1,E00001
START_CORE1871-:1870-:1869-:1868-:1867-:1866-:1865-:5206-:5205-:5204-:5203-:5202-:5201-:5200-:5199-:5198-:5197-:5196-:5195-:5194-:5193-:5192-:5191-:7003-:7002-:7001-:7000-:6999+:6998+:5651-:5650-:5649-:5648-:5647-:6997-:6996-:6995-:6994-:6993-:5177-:5176-:6992-:5175-:5174-:6991-:6990-:6989-:5170-:5169-:6988-:6987-:6986-:5166-:6985-:6984+:6983-:6982+:6981+:6980+:6979+:5156+:6978+:5155+:5154+:6977-:5153-:U_CORE3547-,1,E00004
START_CORE1871-:5665-:5664-:5663-:5662-:5661-:5660-:5659-:5658-:5657-:5656-:5655-:5654-:5653-:5652+:5651-:5650-:5649-:5648-:5647-:5646-:5645-:5644-:5643-:5642-:5641-:5640+:5639+:5638+:5637+:5636+:5635+:5634+:5633+:5632+:5631+:5630+:5629+:5628+:5627-:5626-:5625-:5624-:5623+:5622+:5621-:5620+:5619+:5618+:5617+:5616-:5615-:5614-:5613-:5612-:5611-:5610-:5609-:5608-:5607-:STOP_CORE3649-,1,E00002
START_CORE1871-:5209-:5665-:5664-:5663-:8870+:5662-:5661-:5660-:5659-:5658-:5657-:5656-:5655-:5654-:5653-:5652+:5651-:5650-:5649-:5648-:5647-:5646-:5645-:5644-:5643-:5642-:5641-:5640+:5639+:5638+:5637+:5636+:5635+:5634+:5633+:5632+:5631+:5630+:5629+:5628+:5626-:5625-:5624-:5623+:5622+:5621-:5620+:5619+:5618+:5617+:5616-:5615-:5614-:5613-:5612-:5611-:5610-:5609-:5608-:5607-:STOP_CORE3649-,1,E00034
START_CORE1871-:5209-:5665-:5664-:5663-:5662-:5661-:5660-:5659-:5658-:5657-:5656-:5655-:5654-:5653-:5652+:5651-:5650-:5649-:5648-:5647-:5646-:5645-:5644-:5643-:5642-:5641-:5640+:5639+:5638+:5637+:5636+:5635+:5634+:5633+:5632+:5631+:5630+:5629+:5628+:5626-:5625-:5624-:5623+:5622+:5621-:5620+:5619+:5618+:5617+:5616-:5615-:5614-:5613-:5612-:5611-:5610-:5609-:5608-:5607-:STOP_CORE3649-,2,"E00032,E00035"
START_CORE1871-:5209-:5665-:5664-:5663-:U_CORE1814+,1,E00033
START_CORE1871-:5209-:5665-:5207-:7288-:5662-:7287-:7286-:7285-:7284-:7283-:7282-:7281-:7280-:7279-:7278-:7277-:7276-:7275-:7274-:7273-:7272-:7271-:7270-:7269+:7268-:7267-:7266+:1843-:7265-:1841-:7264-:7263-:7262-:7261-:7260-:1836-:1834-:1833-:1831-:1830-:1829-:1828-:1827-:7259-:7258+:7257+:1824+:1823+:7256+:7255+:7254+:7253+:7252+:1818+:1817+:1816+:U_CORE1815+,1,E00005
START_CORE1871-,2,"E00003,E00031"
START_CORE3649+:7461-:7460-:7459-:7458-:7457-:7456-:7455-:7454-:7453-:7452-:7451+:7450+:7449+:7448+:7447+:7446+:7445+:7444+:7443+:7442+:7441+:7440+:7439+:7438+:7437+:7436+:7435+:7434+:7433+:7432+:7431+:7430+:7429+:7428+:7427+:7426+:7425+:7424+:7423+:7422+:7421+:7420+:7419+:7418+:7417+:7416+:7415-:7414-:7413+:7412+:7411-:7410-:U_CORE3593-,1,E00005
START_CORE3649+:3648-:3647-:3646-:3645-:3644-:3643-:3642-:3641-:3640+:3639+:3638+:3637+:3636+:3635+:3634+:3633+:3632+:3631+:3630+:3629+:3628+:3627-:3626-:3625-:3624+:3623+:3622+:3621-:3620-:3619-:3618+:3617+:3616+:3615+:3614+:3613+:3612+:3611+:3610+:3609+:3608+:3607+:3606+:3605+:3604+:3603+:3602+:3601+:3600+:3599-:3598-:3597-:3596-:3595-:8730+:8731+:8732+:8733+:8734+:5615+:5616+:8735-:8736-:8737-:5619-:8738+:8739+:8740+:6976-:U_CORE3593-,1,E00033
START_CORE3649+:3648-:3647-:3646-:3645-:3644-:3643-:3642-:3641-:3640+:3639+:3638+:3637+:3636+:3635+:3634+:3633+:3632+:3631+:3630+:3629+:3628+:3627-:3626-:3625-:3624+:3623+:3622+:3621-:3620-:3619-:3618+:3617+:3616+:3615+:3614+:3613+:3612+:3611+:3610+:3609+:3608+:3607+:3606+:3605+:3604+:3603+:3602+:3601+:3600+:3599-:3598-:3597-:3596-:3595-:3594-:U_CORE3593-,1,E00001
START_CORE3649+:3648-:3647-:3646-:3645-:3644-:3643-:3642-:3641-:3640+:3639+:3638+:3637+:3636+:3635+:3634+:3633+:3632+:3631+:3630+:3629+:3628+:3627-:3626-:3625-:3624+:3623+:3622+:3621-:3620-:3619-:3618+:3617+:3616+:3615+:3614+:3613+:3612+:3611+:3610+:3609+:3608+:3607+:3606+:3605+:3604+:3603+:3602+:3601+:3600+:3599-:3598-:3597-:3596-:3595-:3594-:6950+:6951-:6952-:6953-:6954-:6955-:6956-:6957-:5478-:5480-:6958-:6959-:6960-:6961-:6962+:6963+:6964-:6965-:6966-:6967+:6968+:6969+:6970+:6971+:6972+:6973-:6974-:6975+:6976-:U_CORE3593-,1,E00004
START_CORE3649+,2,"E00003,E00031"
CL_INS_106,3653_5,3659_5
START_CORE3653-:3654+:3655+:3656+:3657+:3658+:STOP_CORE3659+,4,"E00001,E00004,E00005,E00033"
START_CORE3653-:STOP_CORE3659+,4,"E00002,E00032,E00034,E00035"
START_CORE3653-,2,"E00003,E00031"
START_CORE3659-,2,"E00003,E00031"
CL_INS_107,3659_3,3660_5
START_CORE3659+:5606-:5605-:5604-:5603-:5602-:5601+:5600+:5599+:5598+:5597+:5596+:5595+:5594+:5593-:5592+:STOP_CORE3660+,5,"E00002,E00005,E00032,E00034,E00035"
START_CORE3659+:STOP_CORE3660+,3,"E00001,E00004,E00033"
START_CORE3659+,2,"E00003,E00031"
START_CORE3660-,2,"E00003,E00031"
CL_INS_108,3663_3,3665_5
START_CORE3663+:STOP_CORE3665+,1,E00005
START_CORE3663+:3664+:STOP_CORE3665+,7,"E00001,E00002,E00004,E00032,E00033,E00034,E00035"
START_CORE3663+:8302-:U_CORE3666-,1,E00031
START_CORE3663+,1,E00003
START_CORE3665-,2,"E00003,E00031"
CL_INS_109,5591_5,3669_3
START_CORE5591-:5590-:5589-:5588-:5587-:5586+:STOP_CORE3669-,5,"E00002,E00005,E00032,E00034,E00035"
START_CORE5591-:STOP_CORE3669-,3,"E00004,E00031,E00033"
START_CORE5591-,2,"E00001,E00003"
START_CORE3669+:U_CORE3668-,1,E00001
START_CORE3669+,1,E00003
CL_INS_110,3676_5,3677_5
START_CORE3676-:8301+:5585+:STOP_CORE3677+,1,E00031
START_CORE3676-:5585+:STOP_CORE3677+,6,"E00002,E00003,E00005,E00032,E00034,E00035"
START_CORE3676-:STOP_CORE3677+,3,"E00001,E00004,E00033"
CL_INS_111,3738_3,3739_3
START_CORE3738+:STOP_CORE3739-,3,"E00001,E00004,E00033"
START_CORE3738+:5584+:5583+:5582+:5581+:STOP_CORE3739-,6,"E00002,E00003,E00031,E00032,E00034,E00035"
START_CORE3738+,1,E00005
START_CORE3739+:5581-:5582-:5583-:5584-:U_CORE3737-,1,E00005
CL_INS_112,3740_3,3741_5
START_CORE3740+:5580-:5579-:STOP_CORE3741+,4,"E00002,E00032,E00034,E00035"
START_CORE3740+:6074+:6075+:6076+:6077+:6078+:6079-:6080-:6081-:6082-:6083-:6084+:6085-:6086-:6087+:6088-:6089-:6090-:6091-:6092-:STOP_CORE3741+,1,E00003
START_CORE3740+:STOP_CORE3741+,5,"E00001,E00004,E00005,E00031,E00033"
CL_INS_113,3866_5,3868_3
START_CORE3866-:6093+:STOP_CORE3868-,1,E00003
START_CORE3866-:3867+:STOP_CORE3868-,3,"E00001,E00004,E00033"
START_CORE3866-:7462+:5578-:STOP_CORE3868-,1,E00005
START_CORE3866-:5578-:STOP_CORE3868-,4,"E00002,E00032,E00034,E00035"
START_CORE3866-,1,E00031
START_CORE3868+:8027+:8026+:5555+:5556+:8025+:8024+:5427+:8023+:8022-:8021-:8020+:8019+:8018+:8017+:8016-:8015-:8014+:8013-:8012-:8011+:8010+:8009+:8008+:8007-:8006-:8005-:8004-:8003-:U_CORE3846+,1,E00031
CL_INS_114,3880_5,3881_5
START_CORE3880-:U_CORE3882+,1,E00005
START_CORE3880-:STOP_CORE3881+,5,"E00001,E00003,E00004,E00031,E00033"
START_CORE3880-:5577+:STOP_CORE3881+,4,"E00002,E00032,E00034,E00035"
START_CORE3881-,1,E00005
CL_INS_115,3908_3,3910_3
START_CORE3908+:STOP_CORE3910-,6,"E00002,E00003,E00005,E00032,E00034,E00035"
START_CORE3908+:3909+:STOP_CORE3910-,2,"E00001,E00004"
START_CORE3908+:3909+:U_CORE3925-,1,E00031
START_CORE3908+:3909+:8651+,1,E00033
START_CORE3910+,2,"E00031,E00033"
CL_INS_116,3926_5,3927_5
START_CORE3926-:STOP_CORE3927+,4,"E00001,E00003,E00004,E00005"
START_CORE3926-:5576-:STOP_CORE3927+,6,"E00002,E00031,E00032,E00033,E00034,E00035"
CL_INS_117,3960_3,4054_3
START_CORE3960+:3961-:3962-:3963-:3964-:3965+:3966-:3967-:3968-:3969-:3970-:3971-:3972+:3973+:3974+:U_CORE3975+,1,E00001
START_CORE3960+:8034+,1,E00031
START_CORE3960+:STOP_CORE4054-,2,"E00004,E00005"
START_CORE3960+:8672+:8671+:8670+:STOP_CORE4054-,1,E00033
START_CORE3960+:5575-:5574-:5573+:5572-:5571-:5570-:5569+:5568+:5567+:5566+:5565+:5564+:5563+:5562+:5561+:5560+:5559+:5558+:5557+:STOP_CORE4054-,4,"E00002,E00032,E00034,E00035"
START_CORE3960+:6102-:6103-:U_CORE4060+,1,E00003
START_CORE4054+:4053+:4052+:4051+:4050+:4049+:4048+:4047+:4046+:4045+:4044+:4043+:4042+:4041+:4040+:4039+:4038+:4037+:4036+:4035+:4034+:4033+:4032+:4031+:4030-:4029+:4028+:4027+:4026+:4025+:4024+:4023+:4022+:4021+:4020+:4019+:4018+:4017+:4016+:4015+:4014+:4013+:4012-:4011-:4010-:4009-:4008+:4007-:4006-:4005-:4004-:4003-:4002-:4001-:4000+:3999-:3998-:3997+:3996+:3995-:3994-:3993+:3992-:3991+:3990+:3989+:3988-:3987+:3986+:3985+:3984-:3983+:3982+:U_CORE3981+,1,E00001
START_CORE4054+,2,"E00003,E00031"
CL_INS_118,4064_3,4066_3
START_CORE4064+:6104+:4065+:STOP_CORE4066-,1,E00003
START_CORE4064+:8468+:8469+:8470+:8471-:8472-:STOP_CORE4066-,1,E00031
START_CORE4064+:4065+:STOP_CORE4066-,4,"E00001,E00004,E00005,E00033"
START_CORE4064+:STOP_CORE4066-,4,"E00002,E00032,E00034,E00035"
CL_INS_119,4079_5,4081_3
START_CORE4079-:4080-:STOP_CORE4081-,7,"E00001,E00002,E00005,E00031,E00032,E00034,E00035"
START_CORE4079-:6105+:STOP_CORE4081-,1,E00003
START_CORE4079-,2,"E00004,E00033"
START_CORE4081+,2,"E00004,E00033"
CL_INS_120,4081_5,4082_5
START_CORE4081-:STOP_CORE4082+,4,"E00001,E00003,E00005,E00031"
START_CORE4081-:5556-:5555-:STOP_CORE4082+,3,"E00002,E00034,E00035"
START_CORE4081-,3,"E00004,E00032,E00033"
START_CORE4082-,3,"E00004,E00032,E00033"
CL_INS_121,4082_3,4085_5
START_CORE4082+:4083+:4084-:STOP_CORE4085+,5,"E00001,E00002,E00032,E00034,E00035"
START_CORE4082+:STOP_CORE4085+,2,"E00003,E00005"
START_CORE4082+,3,"E00004,E00031,E00033"
START_CORE4085-:5229+:5230+:5231+:5232+:3079+:U_CORE3078+,1,E00004
START_CORE4085-:2279+:2280+:2281-:2282+:2283-:2284-:2285-:2286+:2288+:2289+:2290-:2291-:2292-:2293-:2294-:2295+:2296+:2297+:2298+:2299+:2300+:2301+:2302+:2303-:2304-:2305-:2306-:2307-:2308-:2309-:2310-:2311-:2312-:2313+:2314+:2315+:2316+:2317+:2318-:2319-:2320-:2321-:2322+:2323-:U_CORE2324-,1,E00033
START_CORE4085-,1,E00031
CL_INS_122,4085_3,4086_5
START_CORE4085+:7005+:5223-:5222-:5221-:5220-:U_CORE3092-,1,E00004
START_CORE4085+:STOP_CORE4086+,8,"E00001,E00002,E00003,E00005,E00031,E00032,E00034,E00035"
START_CORE4085+:2278+:2273-:2272-:2530+:2529-:2528+:2527+:2526+:2525-:2524-:2523-:2522-:8741-:2521-:2520-:2519-:2518-:2517-:2516+:2515+:2514+:2513-:2512-:2511-:2510+:2509-:2508-,1,E00033
START_CORE4086-,2,"E00004,E00033"
CL_INS_123,4088_3,4094_3
START_CORE4088+:4089+:4090+:7463-:7464-:4102+:4101-:4100-:4098+:4097+:4096+:STOP_CORE4094+,1,E00005
START_CORE4088+:4089+:4090+:4091+:4092+:4093-:STOP_CORE4094-,5,"E00001,E00002,E00032,E00034,E00035"
START_CORE4088+:4089+:4090+,1,E00031
START_CORE4088+:6778+:6777+:6776-:6775+:6774-:U_CORE45-,1,E00004
START_CORE4088+,2,"E00003,E00033"
START_CORE4094+:4093+:4092-:7465+:7466+:U_CORE4104-,1,E00005
START_CORE4094+:6144+:6143+:6142-:6141-:6140-:6139-:6138+:6137+:2468-:6136+:6135+:6134+:6133-:6132+:6131+:6130+:6129+:U_CORE3975-,1,E00003
START_CORE4094+,3,"E00004,E00031,E00033"
CL_INS_124,4094_5,4104_3
START_CORE4094-:4096-:4097-:4098-:4100+:4101+:4102-:7464+:7463+:4090-:4089-:U_CORE4088-,1,E00005
START_CORE4094-:4095-:4096-:4097-:4098-:4099-:4100+:4101+:4102-:4103-:STOP_CORE4104-,5,"E00001,E00002,E00032,E00034,E00035"
START_CORE4094-:6145-:4103-:STOP_CORE4104-,1,E00003
START_CORE4094-,3,"E00004,E00031,E00033"
START_CORE4104+,3,"E00004,E00031,E00033"
CL_INS_125,4118_3,4119_3
START_CORE4118+:STOP_CORE4119-,3,"E00001,E00003,E00004"
START_CORE4118+:U_CORE4120-,1,E00033
START_CORE4118+:5554+:STOP_CORE4119-,5,"E00002,E00005,E00032,E00034,E00035"
START_CORE4118+,1,E00031
START_CORE4119+,2,"E00031,E00033"
CL_INS_126,4122_3,4129_3
START_CORE4122+:4123-:4124-:4125-:4126-:4127-:4128+:STOP_CORE4129-,2,"E00001,E00004"
START_CORE4122+:STOP_CORE4129-,7,"E00002,E00003,E00005,E00032,E00033,E00034,E00035"
START_CORE4122+,1,E00031
START_CORE4129+:4128-:4127+:4126+:4125+:4124+:4123+:U_CORE4117-,1,E00031
CL_INS_127,4166_5,4167_5
START_CORE4166-:STOP_CORE4167+,2,"E00001,E00005"
START_CORE4166-:5553-:5552-:5551-:5550-:5549-:5548-:5547-:5546-:5545-:5544-:5543-:5542-:5541-:5540-:5539-:5538-:5537-:5536-:5535-:5534-:5533-:5532-:5531-:5530-:5529+:5528+:5527-:5526-:5525-:5524-:5523-:5522-:5521-:5520-:5519-:5518-:5517+:5516+:5515+:STOP_CORE4167+,1,E00002
START_CORE4166-:5553-:5552-:5551-:5550-:5549-:5548-:5547-:5546-:5545-:5544-:5543-:5542-:5541-:5540-:5539-:5538-:5537-:5536-:5535-:5534-:5533-:5532-:5531-:5530-:5529+:5528+,1,E00035
START_CORE4166-:6949-:5141-:8669-:8668-:6947-:5135-:6946-:6945-:6944-:6943-:8667+:STOP_CORE4167+,1,E00033
START_CORE4166-:6949-:5141-:6948-:6947-:5135-:6946-:6945-:6944-:6943-:STOP_CORE4167+,1,E00004
START_CORE4166-:6150-:6151-:6152-:6153-:6154-:6155-:6156-:6157-:6158-:6159-:6160-:6161+:6162-:6163-:6164-:6165-:6166-:6167-:6168-:6169-:6170-:6171-:6172-:6173-:6174-:6175-:6176-:6177-:6178-:STOP_CORE4167+,1,E00003
START_CORE4166-:8326+:5553-:5552-:8325-:5550-:5549-:5548-:5547-:5546-:5545-:5544-:5543-:5542-:5541-:5540-:5539-:5538-:5537-:5536-:5535-:5534-:5533-:5532-:5531-:5530-:5529+:5528+,1,E00031
START_CORE4166-,2,"E00032,E00034"
START_CORE4167-:5515-:7996-:7995+:5519+:5520+:5521+:5522+:5523+:5524+:5525+:5526+:7994+:7993+:7992-,1,E00031
START_CORE4167-:5515-:5516-:5517-:5518+:5519+:5520+:5521+:5522+:5523+:5524+:5525+:5526+:5527+:7992-,1,E00035
START_CORE4167-,2,"E00032,E00034"
CL_INS_128,4172_3,4181_3
START_CORE4172+:4173+:4174+:4175+:4176+:4177+:4178+:4179+:4180+:STOP_CORE4181-,3,"E00001,E00004,E00033"
START_CORE4172+:4173+:4174+:4175+:4176+:4177+:4178+:4179+:4180+:7997+:U_CORE4183-,1,E00031
START_CORE4172+:STOP_CORE4181-,6,"E00002,E00003,E00005,E00032,E00034,E00035"
START_CORE4181+,1,E00031
CL_INS_129,4310_3,4318_3
START_CORE4310+:5512-:5511-:5510-:STOP_CORE4318-,1,E00003
START_CORE4310+:5512-:5510-:5509-:STOP_CORE4318-,1,E00031
START_CORE4310+:4313-:4314-:4315-:4316-:4317-:STOP_CORE4318-,1,E00005
START_CORE4310+:5514-:5513-:5512-:5511-:5510-:5509-:STOP_CORE4318-,4,"E00002,E00032,E00034,E00035"
START_CORE4310+:4311+:4312+:4313-:4314-:4315-:4316-:4317-:STOP_CORE4318-,3,"E00001,E00004,E00033"
CL_INS_130,4319_5,4320_3
START_CORE4319-:STOP_CORE4320-,3,"E00001,E00003,E00004"
START_CORE4319-:5508+:STOP_CORE4320-,6,"E00002,E00005,E00032,E00033,E00034,E00035"
START_CORE4319-:7999+:STOP_CORE4320-,1,E00031
CL_INS_131,4406_5,4408_3
START_CORE4406-:4407-:STOP_CORE4408-,5,"E00001,E00002,E00003,E00004,E00005"
START_CORE4406-,5,"E00031,E00032,E00033,E00034,E00035"
START_CORE4408+,5,"E00031,E00032,E00033,E00034,E00035"
CL_INS_132,4454_5,4456_3
START_CORE4454-:4455-:STOP_CORE4456-,5,"E00001,E00003,E00004,E00005,E00033"
START_CORE4454-:STOP_CORE4456-,4,"E00002,E00032,E00034,E00035"
START_CORE4454-,1,E00031
START_CORE4456+:4455+:U_CORE4453+,1,E00031
CL_INS_133,4466_3,4468_5
START_CORE4466+:STOP_CORE4468+,7,"E00003,E00004,E00005,E00031,E00032,E00034,E00035"
START_CORE4466+:4467-:STOP_CORE4468+,3,"E00001,E00002,E00033"
CL_INS_134,4549_3,4557_3
START_CORE4549+:STOP_CORE4557-,6,"E00002,E00003,E00005,E00032,E00034,E00035"
START_CORE4549+:4550-:4551-:4552-:4553-:4554-:4555-:4556-:STOP_CORE4557-,4,"E00001,E00004,E00031,E00033"
CL_INS_135,4561_5,4563_3
START_CORE4561-:U_CORE4592-,2,"E00004,E00033"
START_CORE4561-:8294-:6186+:6187-:6188+:8295+:U_CORE4592-,1,E00031
START_CORE4561-:4562-:STOP_CORE4563-,4,"E00001,E00005,E00032,E00034"
START_CORE4561-:6186+:6187-:6188+:6189+:4562-:STOP_CORE4563-,1,E00003
START_CORE4561-:5505-:5504-:U_CORE4565-,1,E00002
START_CORE4561-,1,E00035
START_CORE4563+:4562+:5682-:5683-:5684-:5685-:5686-:5687-:5688-:5689-:5690-:5691-:5692-:5693-:5694-:5695+:U_CORE3975+,1,E00002
START_CORE4563+:4562+:5682-:5683-:5684-:5685-:5686-:5687-:5688-:5689-:5690-:5691-:5692-:5693-:5694-:5695+,1,E00035
START_CORE4563+:6814-:6813-:6812+:6811+:6810+:6809+:6808-:6807-:6806+:6805+:6804+:6803-:6802+:6801-:6800-:6799-:6798+:U_CORE3981+,1,E00004
START_CORE4563+:6814-:6813-:6812+:6811+:6810+:6808-:6807-:6806+:6805+:6804+:4889-:6111-:6112-:8343-:8342+:8341+:8340+:8339+:8338+:8337+:8336+:8335+:8334+:8333+:8332+:8331+:8330+:8329+:8328+:8327+,1,E00031
START_CORE4563+:6814-:6813-:6812+:6811+:6809+:6808-:8755-:6807+:8756-:8757-:6842-:6841-:8758-:8759-:6838-:6837-:6836-:4930-:6835+:4928+:8760+,1,E00033
CL_INS_136,4583_3,450_5
START_CORE4583+:6815-:6816-:6817-:6818-:6819-:8754+:8753+:8752+:8751-:8750-:8749-:8748+:8747+:8746+:6560+:8745-:8744+:8743+:8742-,1,E00033
START_CORE4583+:6815-:6816-:6817-:6818-:6819-:6820+:6821+:6822+:6823+:6824-:6825+:6826+:6827-:6828-:6829-:6830+:6831+:6832+:4916-:6833-:4914+:4913+:4912+:4911+:4910-:4909+:4908-:4907-:2471+:2470+:2469+:2468-:2467+:2500+:2501+:4903-:U_CORE41-,1,E00004
START_CORE4583+:6815-,1,E00031
START_CORE4583+:4584-:4585+:4586-:4587-:4588-:4589-:4590-:5503-:5502+:STOP_CORE450+,4,"E00002,E00032,E00034,E00035"
START_CORE4583+:4584-:4585+:4586-:4587-:4588-:4589-:4590-:4591-:U_CORE4592-,2,"E00001,E00005"
START_CORE4583+:4584-:4585+:4586-:4587-:4588-:4589-:4590-:4591-:6190+:6191+:U_CORE4592-,1,E00003
START_CORE450-:U_CORE449+,5,"E00001,E00003,E00004,E00005,E00033"
START_CORE450-,1,E00031
CL_INS_137,449_5,
START_CORE449-:U_CORE450+,5,"E00001,E00003,E00004,E00005,E00033"
START_CORE449-:4053+:4052+:4051+:4050+:4049+:4048+:4047+:4046+:4045+:4044+:5751-:5750-:5749-:5748+:4043+:4042+:4041+:4040+:4039+:4038+:4037+:4036+:4035+:4034+:4033+:4032+:4031+:4030-:4029+:4028+:4027+:4026+:4025+:4024+:4023+:4022+:4021+:4020+:4019+:5747-:5746-:5745-:5744-:5743-:4017+:4016+:4015+:4014+:4013+:4012-:4008+:5742+:5741-:5740-:5739+:5738-:5737-:3986+:5736-:5735+:5734+:5733+:5732+:5731-:5730-:5729-:5728-:5727-:5726-:5725+:5724+:5723-:U_CORE3980-,1,E00002
START_CORE449-:4053+:4052+:4051+:4050+:4049+:4048+:4047+:4046+:4045+:4044+:5751-:5750-:5749-:5748+:4043+:4042+:4041+:4040+:4039+:4038+:4037+:4036+:4035+:4034+:4033+:4032+:4031+:4030-:4029+:4028+:4027+:4026+:4025+:4024+:4023+:4022+:4021+:4020+:4019+:5747-:5746-:5745-:5744-:5743-:4017+:4016+:4015+:4014+:4013+:4012-:4008+:5742+:5741-:5740-:5739+:5738-:5737-:3986+:5736-:5735+:5734+:5733+:5732+:5731-:5730-:5729-:5728-:5727-:5726-:5725+,3,"E00032,E00034,E00035"
START_CORE449-,1,E00031
CL_INS_138,427_5,419_3
START_CORE427-:426-:425+:424+:423+:422+:421+:420+:STOP_CORE419-,3,"E00001,E00004,E00033"
START_CORE427-:STOP_CORE419-,7,"E00002,E00003,E00005,E00031,E00032,E00034,E00035"
CL_INS_139,410_3,407_5
START_CORE410+:STOP_CORE407+,4,"E00003,E00004,E00005,E00033"
START_CORE410+:409+:408+:STOP_CORE407+,5,"E00001,E00002,E00032,E00034,E00035"
START_CORE410+:U_CORE406+,1,E00031
START_CORE407-,1,E00031
CL_INS_140,354_5,351_3
START_CORE354-:5819-:5818-:STOP_CORE351-,1,E00003
START_CORE354-:5819-:5818-:8037-:8036+:8035-:STOP_CORE351-,1,E00031
START_CORE354-:353-:352-:STOP_CORE351-,2,"E00001,E00033"
START_CORE354-:5752+:5753+:STOP_CORE351-,6,"E00002,E00004,E00005,E00032,E00034,E00035"
CL_INS_141,319_5,316_5
START_CORE319-:317-:STOP_CORE316+,1,E00002
START_CORE319-:318+:317-:STOP_CORE316+,4,"E00001,E00003,E00004,E00005"
START_CORE319-:318+,1,E00031
START_CORE319-,4,"E00032,E00033,E00034,E00035"
START_CORE316-,5,"E00031,E00032,E00033,E00034,E00035"
CL_INS_142,257_3,256_3
START_CORE257+:STOP_CORE256-,4,"E00001,E00003,E00004,E00033"
START_CORE257+:5754+:STOP_CORE256-,6,"E00002,E00005,E00031,E00032,E00034,E00035"
CL_INS_143,184_5,153_5
START_CORE184-:8858-:8859-:5756-:STOP_CORE153+,1,E00033
START_CORE184-:183+:182-:181-:180+:179+:178+:177+:176+:175-:174-:173-:172-:171-:170-:169-:168-:167-:166-:165-:164+:163+:162+:161+:160+:159+:158+:157+:156-:155-:154-:STOP_CORE153+,1,E00001
START_CORE184-:183+:182-:181-:180+:179+:178+:177+:176+:175-:174-:173-:172-:171-:170-:5804-:U_CORE147+,1,E00003
START_CORE184-:7169-:7168-:STOP_CORE153+,1,E00005
START_CORE184-:6936-:5756-:STOP_CORE153+,1,E00004
START_CORE184-:7983+:5756-:STOP_CORE153+,1,E00031
START_CORE184-:5755+:5756-:STOP_CORE153+,4,"E00002,E00032,E00034,E00035"
START_CORE153-,1,E00003
CL_INS_144,153_3,150_3
START_CORE153+:152+:151-:STOP_CORE150-,1,E00001
START_CORE153+:7167+:STOP_CORE150-,1,E00005
START_CORE153+:5757+:5758+:6937+:5759+:151-:STOP_CORE150-,1,E00004
START_CORE153+:5757+:5758+:5759+:151-:STOP_CORE150-,5,"E00002,E00032,E00033,E00034,E00035"
START_CORE153+:7982+:7981-:7980-:U_CORE141-,1,E00031
START_CORE153+,1,E00003
START_CORE150+,2,"E00003,E00031"
CL_INS_145,137_3,136_3
START_CORE137+:STOP_CORE136-,3,"E00001,E00003,E00004"
START_CORE137+:5760+:5761-:STOP_CORE136-,5,"E00002,E00005,E00032,E00034,E00035"
START_CORE137+:7979-:7978-:7977-:7976+:7975-:7974-:7973-:7972-:7971-:7970-:7969-:7968-:7967-:U_CORE112-,1,E00031
START_CORE137+:8860+:8861+:8862+:8863-:8864-:U_CORE134-,1,E00033
START_CORE136+,2,"E00031,E00033"
CL_INS_146,121_3,119_5
START_CORE121+:120+:STOP_CORE119+,7,"E00001,E00002,E00004,E00005,E00032,E00034,E00035"
START_CORE121+:STOP_CORE119+,2,"E00003,E00033"
START_CORE121+,1,E00031
START_CORE119-,1,E00031
CL_INS_147,87_5,84_3
START_CORE87-:5762-:5763-:STOP_CORE84-,5,"E00002,E00005,E00032,E00034,E00035"
START_CORE87-:6938-:5762-:5763-:STOP_CORE84-,2,"E00004,E00033"
START_CORE87-:STOP_CORE84-,1,E00031
START_CORE87-:86-:STOP_CORE84-,1,E00003
START_CORE87-:86-:85-:STOP_CORE84-,1,E00001
CL_INS_148,78_3,77_3
START_CORE78+:STOP_CORE77-,7,"E00001,E00002,E00005,E00031,E00032,E00034,E00035"
START_CORE78+:5792-:STOP_CORE77-,3,"E00003,E00004,E00033"
CL_INS_149,4829_5,4824_3
START_CORE4829-:4828-:4827-:4826-:4825-:STOP_CORE4824-,2,"E00001,E00005"
START_CORE4829-:4828-:5764-:4827-:4826-:4825-:STOP_CORE4824-,1,E00002
START_CORE4829-:4828-,3,"E00032,E00034,E00035"
START_CORE4829-:STOP_CORE4824-,4,"E00003,E00004,E00031,E00033"
START_CORE4824+:4825+:4826+:4827+,3,"E00032,E00034,E00035"
CL_INS_150,4769_5,4766_3
START_CORE4769-:STOP_CORE4766-,6,"E00002,E00005,E00031,E00032,E00034,E00035"
START_CORE4769-:4768+:4767+:STOP_CORE4766-,3,"E00001,E00004,E00033"
START_CORE4769-,1,E00003
START_CORE4766+:6195-:6196-:U_CORE4770-,1,E00003
CL_INS_151,4760_3,4755_3
START_CORE4760+:4759+:4758+:4757+:4756+:STOP_CORE4755-,4,"E00001,E00003,E00004,E00033"
START_CORE4760+:STOP_CORE4755-,6,"E00002,E00005,E00031,E00032,E00034,E00035"
CL_INS_152,4741_5,4740_5
START_CORE4741-:STOP_CORE4740+,3,"E00001,E00004,E00033"
START_CORE4741-:5765+:STOP_CORE4740+,6,"E00002,E00003,E00005,E00032,E00034,E00035"
START_CORE4741-,1,E00031
START_CORE4740-,1,E00031
CL_INS_153,4706_3,4705_3
START_CORE4706+:STOP_CORE4705-,4,"E00001,E00004,E00031,E00033"
START_CORE4706+:5766+:STOP_CORE4705-,6,"E00002,E00003,E00005,E00032,E00034,E00035"
CL_INS_154,4699_5,4698_3
START_CORE4699-:5767-:STOP_CORE4698-,5,"E00002,E00031,E00032,E00034,E00035"
START_CORE4699-:STOP_CORE4698-,5,"E00001,E00003,E00004,E00005,E00033"
CL_INS_155,4676_5,4674_3
START_CORE4676-:STOP_CORE4674-,4,"E00002,E00032,E00034,E00035"
START_CORE4676-:4675-:STOP_CORE4674-,6,"E00001,E00003,E00004,E00005,E00031,E00033"
CL_INS_156,4659_3,4645_5
START_CORE4659+:4658+:5768-:STOP_CORE4645+,4,"E00002,E00032,E00034,E00035"
START_CORE4659+:4658+:4657-:4656-:4655+:4654-:4653-:4652-:4651-:4650-:4649-:4648-:4647-:4646+:STOP_CORE4645+,1,E00001
START_CORE4659+:8346-:8347+:4654-:4653-:4652-:4651-:4650-:4648-:4647-:4646+:STOP_CORE4645+,1,E00031
START_CORE4659+:4657-:4656-:4655+:STOP_CORE4645+,1,E00003
START_CORE4659+:4657-:4656-:4655+:4654-:4653-:4652-:4651-:4650-:4649-:4648-:4647-:4646+:STOP_CORE4645+,3,"E00004,E00005,E00033"
CL_INS_157,4592_3,
START_CORE4592+:8295-:6188-:6187+:6186-:8294+:U_CORE4561+,1,E00031
START_CORE4592+:4591+:5770+:5771+,1,E00002
START_CORE4592+:4591+:4590+:4589+:4588+:4587+:4586+:4585-:4584+:U_CORE4583-,2,"E00001,E00005"
START_CORE4592+:6191-:6190-:4591+:4590+:4589+:4588+:4587+:4586+:4585-:4584+:U_CORE4583-,1,E00003
START_CORE4592+:U_CORE4561+,2,"E00004,E00033"
START_CORE4592+,3,"E00032,E00034,E00035"
CL_INS_158,41_3,
START_CORE41+:8698+:8697+:8696+:8695+:8694-:8693-:8692-:8691-:6197-:6198+:6199+:6200+:6201+:6202+:6203+:6204-:6205+:8690-:8689-:8688+:U_CORE3976+,1,E00033
START_CORE41+:40+:39+:38+:37-:36+:35-:34-:33-:32-:31-:30-:29-:28+:27-:26-:25-:24-:23+:22+:21-:20-:19-:18-:17+:16+:15-:14+:13+:12+:11+:10+:9+:8+:7+:6+:5+:4+:3+:2-:U_CORE1+,1,E00001
START_CORE41+:40+:39+:38+:37-:36+:35-:34-:33-:32-:31-:30-:29-:28+:27-:26-:25-:24-:23+:22+:21-:20-:19-:18-:17+:16+:15-:14+:13+,1,E00003
START_CORE41+:4903+:2501-:2500-:2467-:2468+:2469-:2470-:2471-:4907+:4908+:4909-:4910+:4911-:4912-:4913-:4914-:6833+:4916+:6832-:6831-:6830-:6829+:6828+:6827+:6826-:6825-:6824+:6823-:6822-:6821-:6820-:6819+:6818+:6817+:6816+:6815+:U_CORE4583-,1,E00004
START_CORE41+:4903+:2501-:2500-:2467-:2468+:4904+:2469-:2470-:2471-:4905+:4906+:4907+:4908+:4909-:4910+:4911-:4912-:4913-:4914-:4915-:4916-:4917-:4918-:4919-:4920+:4921+:4922+:4923-:4924-:4925-:4926+:4927+:4928-:4929-:4930+:4931+:4932+:4933+:4934+:4935+:4936+:4937+:4938+:4939+:4940+:4941+:4942+:4943+:4944+:4945+:4946+:4947+:4948+:4949+:4950+:4951+:4952+:4953+:4954+:4955+:4956-:4957+:4958+:4959+:4960+:4961+:4962+:4963+:4964+:4965+:4966+:4967+:4968+:4969+:4970+:4971+:4972+:4973+:4974+:4975+:4976+:4977+:4978+:4979+:4980+:4981+:4982+:4983+:4984+:4985+:4986+:4987+:4988+:4989+,1,E00002
START_CORE41+:4903+:2501-:2500-:2467-:2468+,3,"E00032,E00034,E00035"
START_CORE41+:32-:31-:30-:29-:28+:27-:26-:25-:24-:23+:22+:21-:20-:19-:18-:17+:16+:15-:14+:13+:12+:11+:10+:9+:8+:7+:6+:5+:7603+:4+:40+:39+:38+:37-:36+:35-:2-:U_CORE1+,1,E00005
START_CORE41+,1,E00031
CL_INS_159,41_5,42_3
START_CORE41-:4902-:U_CORE43+,1,E00004
START_CORE41-:4902-:4901-:4900-:4899-:STOP_CORE42-,4,"E00002,E00032,E00034,E00035"
START_CORE41-:STOP_CORE42-,4,"E00001,E00003,E00005,E00033"
START_CORE41-,1,E00031
START_CORE42+,2,"E00004,E00031"
CL_INS_160,45_3,47_5
START_CORE45+:6774+:6775-:6776+:6777-:6778-:U_CORE4088-,1,E00004
START_CORE45+:46+:7602-,1,E00005
START_CORE45+:46+:STOP_CORE47+,6,"E00001,E00002,E00003,E00032,E00034,E00035"
START_CORE45+,2,"E00031,E00033"
START_CORE47-:6779+:U_CORE4087+,1,E00004
START_CORE47-,3,"E00005,E00031,E00033"
CL_INS_161,47_3,49_5
START_CORE47+:STOP_CORE49+,5,"E00002,E00005,E00032,E00034,E00035"
START_CORE47+:48+:STOP_CORE49+,3,"E00001,E00003,E00004"
START_CORE47+,2,"E00031,E00033"
START_CORE49-,2,"E00031,E00033"
CL_INS_162,1_5,2324_3
START_CORE1-:4898-:4897+:4896+:4895+:4894+:4893+:4892+:4891+:4890+:STOP_CORE2324-,4,"E00002,E00032,E00034,E00035"
START_CORE1-:2+:3-:4-:5-:6-:7-:8-:9-:10-:11-:12-:13-:14-:15+:16-:17-:18+:19+:20+:21+:22-:23-:24+:25+:26+:27+:28-:29+:30+:31+:32+:33+:34+:35+:36-:37+:38-:39-:40-:U_CORE41-,1,E00001
START_CORE1-:2+:3-:4-:5-:6-:7-:8-:9-:10-:11-,1,E00003
START_CORE1-:2+:35+:36-:37+:38-:39-:40-:4-:7603-:5-:6-:7-:8-:9-:10-:11-:12-:13-:14-:15+:16-:17-:18+:19+:20+:21+:22-:23-:24+:25+:26+:27+:28-:29+:30+:31+:32+:U_CORE41-,1,E00005
START_CORE1-:6780+:6781+:6782+:2535-:6783+:6784+:6785+:6786-:6787-:6788-:6789+:6790+:6791+:6792+:6793+:6794-:6795-:6796-:6797+:5723-:U_CORE3980-,1,E00004
START_CORE1-,2,"E00031,E00033"
START_CORE2324+:2323+:2322-:2321+:2320+:2319+:2318+:2317-:2316-:2315-:2314-:2313-:2312+:2311+:2310+:2309+:2308+:2307+:2306+:2305+:2304+:2303+:2302-:2301-:2300-:2299-:2298-:2297-:2296-:2295-:2294+:2293+:2292+:2291+:2290+:2289-:2288-:2287-:2286-:2285+:2284+:2283+:2282-:2281+:2280-:2279-:2278+:2277+:2276-:2275-:2274-:2273-:2272-:2271+:2270-:2269+:2268+:2267+:2266+:2265+:2264-:U_CORE2263-,1,E00001
START_CORE2324+:2323+:2322-:2321+:2320+:2319+:2318+:2317-:2316-:2315-:2314-:2313-:2312+:2311+:2310+:2309+:2308+:2307+:2306+:2305+:2304+:2303+:2302-:2301-:2300-:2299-:2298-:2297-:2296-:2295-:2294+:2293+:2292+:2291+:2290+:2289-:2288-:2286-:2285+:2284+:2283+:2282-:2281+:2280-:2279-:U_CORE4085+,1,E00033
START_CORE2324+:4890-:4891-:4892-:4893-:4894-:4895-:4896-:4897-:4898+:6861+:6862-:6863-:6864-:2319+,1,E00031
START_CORE2324+:4890-:4891-:4892-:4893-:4894-:4895-:4896-:4897-:4898+:6861+:6862-:6863-:6864-:6865-:6866+:6867+:6868-:2319+:2318+:6869-:6870+:6871-:6872+:6873+:6874+:6875+:6876+:6877+:6878+:6879+:6880-:6881+:6882+:6883-:6884-:6885+:6886+:6887+:6888+:6889+:6890+:6891+:6892+:6893+:6894+:6895+:6896+:6897+:6898+:6899+:6900+:6901+:6902+:6903+:6904+:6905+:6906+:6907+:6908+:6909+:6910+:6911+:6912+:6913+:6914+:6915+:6916+:6917+:6918+:6919+:6920+:6921+:6922+:6923-:6924+:6925-:6926+:6927+:6928+:6929+:2361-:2360-:2359-:2358-:2357-:2356-:2355-:6372+:2354-:2353-:2352-:2351-:2350-:2349-:2348-:2347+:2346+:2345+:2344+:2343+:2342+:2341+:6930+:6931-:6932-:6933-:6934+:6935+:5724-:5725-:5726+:5727+:5728+:5729+:5730+:5731+:5732-:5733-:5734-:5735-:3979+:3978+:3977+:U_CORE3976+,1,E00004
START_CORE2324+,2,"E00003,E00005"
CL_INS_163,2324_5,
START_CORE2324-:4889+:4888+:4887-:4886-:4885-:4884-:4883-:4882-:4881-:4880-:4879-:4878-:4877-:4876-:4875-:4874-:4873-:4872-:4871-:4870-:4869-:4868-:4867-:4866-:4865-:4864+:4863+:4862+:4861+:4860-:4859-:4858-:4857+:4856+:4855-:4854-:4853-:4852-:4851-:4850-:4849-:4848-:4847-:4846-:4845-:4844-,1,E00002
START_CORE2324-:4889+:4888+:4887-:4886-:4885-:4884-:4883-:4882-:4881-:4880-:4879-:4878-:4877-:4876-,2,"E00032,E00034"
START_CORE2324-:6860-:6859-:170+:171+:172+:173+:174+:175+:4925+:4924+:4923+:6858+:176-:177-:178-:179-:180-:6857-:6856-:6855+:6854-:6853-:6852-:6851-:6850-:6849-:6848-:6847+:6846+:6845-:6844-:6843-:6842-:6841-:6840-:6839+:6838-:6837-:6836-:4930-:6835+:4928+:6834+:5716+:5715-:5714-:5713-:5712+:5711+:U_CORE43-,1,E00004
START_CORE2324-:2325-:2326-:2327-:2328-:2329-:2330-:2331-:2332-:2333-:2334-:2335-:2336-:2337-:2338-:2339-:2340+:2341-:2342-:2343-:2344-:2345-:2346-:2347-:2348+:2349+:2350+:2351+:2352+:2353+:2354+:2355+:2356+:2357+:2358+:2359+:2360+:2361+:2362-:2363-:2364+:2365-:2366-:2367-:2368-:2369-:2370-:2371-:2372-:2373-:2374-:2375-:2376-:2377-:2378-:2379-:2380-:2381-:2382-:2383-:2384-:2385-:2386-:2387-:2388+:2389-:2390-:2391-:2392-:2393-:2394-:2395-:2396-:2397+:2398-:2399-:2400+:2401+:2402+:2403-:2404-:2405-:2406-:2407-:2408-:2409-:2410-:2411-:2412-:2413-:2414-:2415-:2416-:2417+:2418+:2419+:2420-:2421+:2422+:2423+:2424-:2425+:2426+:2427-:2428-:2429-:2430-:2431-:2432+:2433+:2434+:2435+:2436+:2437+:2438+:2439+:2440+:2441+:2442+:2443+:2444+:2445+:2446+:2447+:2448+:2449+:2450+:2451+:2452+:2453+:2454+:2455+:2456+:2457+:2458-:2459+:2460-:2461-:2462+:2463+:2464+:2465+:2466-:2467-:2468+:2469-:2470-:2471-:2472-:2473-:2474-:2475-:2476-:2477-:2478-:2479-:2480-:2481-:2482+:2483-:2484-:2485+:2486-:2487+:2488+:2489+:2490+:2491-:2492+:2493-:2494+:2495+:2496+:2497+:2498+:2499-:2500+:2501+:2502+:2503-:2504-:2505-:2506-:2507-:2508+:2509+:2510-:2511+:2512+:2513+:2514-:2515-:2516-:2517+:2518+:2519+:2520+:2521+:2522+:2523+:2524+:2525+:2526-:2527-:2528-:2529+:2530-:2531-:2532-:2533-:2534+:2535-:2536-:2537-:2538+:2539-:U_CORE2540-,1,E00001
START_CORE2324-:2325-:2326-:2327-:2328-:2329-:2330-:2331-:2332-:2333-:2334-:2335-:2336-:2337-:2338-:2339-,1,E00033
START_CORE2324-,4,"E00003,E00005,E00031,E00035"
CL_INS_164,3975_5,
START_CORE3975-:6607-:6608-:6609-:6610-:6611-:6612-:6613-:6614-:4900-:6210+:6211+:2483-:6204+:6203-:6202-:6201-:6200-:6199-:6198-:6197+:6615+:6616-:6617-:6618-:6619-:6620-:6621-:6622+:6623-:6624-:6625-:6626-:6627-:6628-:6629-:6630-:6631-:6632-:6633-:6634-:6635-:6636-:6637-:6638-:6639-:6640-:6641-:6642+:6643-:6644-:6645-:6646-:6647-:6648-:6649-:6650-:6651-:6652-:6653-:6654-:6655-:6656-:6657-:6658+:6659+:6660-:6661-:6662-:6663-:6664-:6665-:6666-:6667-:6668-:6669-:6670-:6671-:6672-:6673-:6674-:6675-:6676-:6677-:6678-:6679-:6680-:6681-:6682-:6683+:6684+:6685+:6686+:6687-:6475-:6474-:6473-:6472-:6471-:6470-:6469-:6468-:6467-:6466-:6465-:6464-:6463-:6462+:6461+:6460+:6459-:6458-:6457-:6456-:6455+:6688+:6689+:6454+:6453+:6452+:6451+:6450+:6449+:6448-:6447-:6446-:6445-:6444-:6443-:6442-:6441-:6440-:6439-:6438+:6437-:6436-:6435-:6434-:6433+:6432-:6431-:6430-:6690-:6691-:6692-:6693-:6694-:6695-:6696-:6697-:6698-:6699-:6700-:6701-:6702+:6703-:6704-:6705-:6706-:6707-:6708-:6709-:6710-:6711-:6712-:6713-:6714-:6715-:6716-:6717-:6718-:6719-:6720-:6721-:6722-:6723-:6724-:6725-:6726-:6727-:6728+:6729-:6730-:6731-:6732-:6733-:6734-:6735-:6736-:6737-:6738-:6739-:6740-:6741-:6742-:6743-:6744-:6745+:6746+:6747-:6748-:6749-:6750+:6751+:6752+:6753-:6754-:6755-:6756-:6757+:6758-:6759-:6760-:6761-:6762-:6763-:6764-:6765-:6207-:6206+:6766-:6767-:2482-:6768+:6769+:6770+:6771+:2474+:2473+:2472+:6772+:6773-:U_CORE44-,1,E00004
START_CORE3975-:5695-:5694+:5693+:5692+:5691+:5690+:5689+:5688+:5687+:5686+:5685+:5684+:5683+:5682+:4562-:U_CORE4563-,1,E00002
START_CORE3975-:7558-:7559-:7560-:7561-:7562-:7563-:7564-:7565+:7566-:7567-:7568+:7569+:7570-:7571-:7572-:7573-:7574-:7575-:7576-:7577-:7578-:7579-:7580-:7581-:7582-:7583-:7584-:7585-:7586-:7587-:7588-:7589-:7590-:7591-:7592-:7593-:7594-:7595-:7596-:7597-:7598-:7599-:7600-:7601-,1,E00005
START_CORE3975-:3974-:8687-:8686-:8685-:8684-:8683-:8682-:8681-:6935-:6413+:6414+:6415-:6933+:6932+:8680-:2341-:2342-:2343-:2344-:2345-:2346-:2347-:2348+:2349+:2350+:2351+:2352+:2353+:2354+:2355+:2356+:2357+:2358+:2359+:2360+:2361+:2362-:2363-:2364+:2365-:2366-:2367-:2368-:2369-:2370-:2371-:2372-:2373-:2374-:2375-:2376-:2377-:2378-:2379-:2380-:2381-:2382-:2383-:2384-:2387-:2388+:2389-:2390-:2391-:2392-:2393-:2394-:2395-:2396-,1,E00033
START_CORE3975-:3974-:3973-:3972-:3971+:3970+:3969+:3968+:3967+:3966+:3965-:3964+:3963+:3962+:3961+:U_CORE3960-,1,E00001
START_CORE3975-:3974-,1,E00031
START_CORE3975-:6128+:6127-:6126-:6125-:6124-:6123-:6122-:6121-:6120-:6119-:6118-:6117-:6116+:6115+:6114-:6113+:6112+:6111+:6110+:6109-:6108-:6107-:6106-:U_CORE4086-,1,E00003
START_CORE3975-,3,"E00032,E00034,E00035"
CL_INS_165,3975_3,3976_3
START_CORE3975+:6606-:6605+:6604+:6603-:6602-,1,E00004
START_CORE3975+:STOP_CORE3976-,7,"E00001,E00005,E00031,E00032,E00033,E00034,E00035"
START_CORE3975+:6129-:6130-:6131-:6132-:6133+:6134-:6135-:6136-:2468+:6137-:6138-:6139+:6140+:6141+:6142+:6143-:6144-:U_CORE4094-,1,E00003
START_CORE3975+:5696-:5697-:5698+:5699+:5700+:5701+:5702+:5703+:5704-:5705-:5706+:5707+:5708-:5709-:5710+:5711-:5712-:5713+:5714+:5715+:5716-:5717-:5718-:5719-:5720-:5721-:5722-:U_CORE3981+,1,E00002
START_CORE3976+,3,"E00002,E00003,E00004"
CL_INS_166,3976_5,3980_3
START_CORE3976-:8688-:8689+:8690+:6205-:6204+:6203-:6202-:6201-:6200-:6199-:6198-:6197+:8691+:8692+:8693+:8694+:8695-:8696-:8697-:8698-:U_CORE41-,1,E00033
START_CORE3976-:3977-:3978-:3979-:STOP_CORE3980-,2,"E00001,E00005"
START_CORE3976-:3977-:3978-:3979-:5735+:5734+:5733+:5732+:5731-:5730-:5729-:5728-:5727-:5726-:5725+:5724+:6935-:6934-:6933+:6932+:6931+:6930-:2341-:2342-:2343-:2344-:2345-:2346-:2347-:2348+:2349+:2350+:2351+:2352+:2353+:2354+:6372-:2355+:2356+:2357+:2358+:2359+:2360+:2361+:6929-:6928-:6927-:6926-:6925+:6924-:6923+:6922-:6921-:6920-:6919-:6918-:6917-:6916-:6915-:6914-:6913-:6912-:6911-:6910-:6909-:6908-:6907-:6906-:6905-:6904-:6903-:6902-:6901-:6900-:6899-:6898-:6897-:6896-:6895-:6894-:6893-:6892-:6891-:6890-:6889-:6888-:6887-:6886-:6885-:6884+:6883+:6882-:6881-:6880+:6879-:6878-:6877-:6876-:6875-:6874-:6873-:6872-:6871+:6870-:6869+:2318-:2319-:6868+:6867-:6866-:6865+:6864+:6863+:6862+:6861-:4898-:4897+:4896+:4895+:4894+:4893+:4892+:4891+:4890+:U_CORE2324-,1,E00004
START_CORE3976-,6,"E00002,E00003,E00031,E00032,E00034,E00035"
START_CORE3980+:5723+:6797-:6796+:6795+:6794+:6793-:6792-:6791-:6790-:6789-:6788+:6787+:6786+:6785-:6784-:6783-:2535+:6782-:6781-:6780-:U_CORE1+,1,E00004
START_CORE3980+:5723+:5724-:5725-:5726+:5727+:5728+:5729+:5730+:5731+:5732-:5733-:5734-:5735-:5736+:3986-:5737+:5738+:5739-:5740+:5741+:5742-:4008-:4012+:4013-:4014-:4015-:4016-:4017-:5743+:5744+:5745+:5746+:5747+:4019-:4020-:4021-:4022-:4023-:4024-:4025-:4026-:4027-:4028-:4029-:4030+:4031-:4032-:4033-:4034-:4035-:4036-:4037-:4038-:4039-:4040-:4041-:4042-:4043-:5748-:5749+:5750+:5751+:4044-:4045-:4046-:4047-:4048-:4049-:4050-:4051-:4052-:4053-:U_CORE449+,1,E00002
START_CORE3980+:5723+,3,"E00032,E00034,E00035"
START_CORE3980+:3979+:3978+:3977+:7558-:7559-:7560-:7561-:7562-:7563-:7564-:7565+:7566-:7567-:8728-:7568+:7569+:8727-:7570-:7571-:7572-:7573-:8726-:8725-:8724-:7597-:7598-:7599-:7600-:7601-:7547+:7473+:7474+:7475+:7476+:7477+:7478-:7479-:7480-:7481-:7482-:7483-:7484+:8723-:8722-:7487-:7489-:7490+:7491-:7493-:7494-:7495-:7496-:7497-:8721-:8720-:8719-:7499-:8718-:7500-:7501-:7513-:7517-:7519-:7520-:7521+:7522-:7523-:7524-:7525-:7526-:7527-:7528-:7529-:7530-:7531-:7534-:8717+,1,E00033
START_CORE3980+:8492-:6207-:6206+:8493+:8494+:8495+:8496-:8497+:8498-:8499-,1,E00031
START_CORE3980+,1,E00003
CL_INS_167,3981_5,
START_CORE3981-:3982-:3983-:3984+:3985-:3986-:3987-:3988+:3989-:3990-:3991-:3992+:3993-:3994+:3995+:3996-:3997-:3998+:3999+:4000-:4001+:4002+:4003+:4004+:4005+:4006+:4007+:4008-:4009+:4010+:4011+:4012+:4013-:4014-:4015-:4016-:4017-:4018-:4019-:4020-:4021-:4022-:4023-:4024-:4025-:4026-:4027-:4028-:4029-:4030+:4031-:4032-:4033-:4034-:4035-:4036-:4037-:4038-:4039-:4040-:4041-:4042-:4043-:4044-:4045-:4046-:4047-:4048-:4049-:4050-:4051-:4052-:4053-:U_CORE4054-,1,E00001
START_CORE3981-:3982-:3983-:7557-:7556-:7555+:7554-:7553-:5734-:7552-:7551+:7550+:7549+:7548+:7547-:7546+:7545+:7544+:7543+:7542-:7541+:7540+:7539+:7538+:7537+:7536+:7535-:7534+:7533+:7532+:7531+:7530+:7529+:7528+:7527+:7526+:7525+:7524+:7523+:7522+:7521-:7520+:7519+:7518-:7517+:7516+:7515+:7514+:7513+:7512+:7511+:7510+:7509+:7508+:7507+:7506+:7505+:7504+:7503-:7502+:7501+:7500+:7499+:7498-:7497+:7496+:7495+:7494+:7493+:7492+:7491+:7490-:7489+:7488+:7487+:7486+:7485-:7484-:7483+:7482+:7481+:7480+:7479+:7478+:7477-:7476-:7475-:7474-:7473-,1,E00005
START_CORE3981-:3982-:3983-:2470+,1,E00031
START_CORE3981-:3982-:3983-:7551+:8729-:7550+:7549+:7548+:7546+:7545+:7544+:7543+:7542-:7541+:7540+:7539+:7538+:7536+,1,E00033
START_CORE3981-:6798-:6799+:6800+:6801+:6802-:6803+:6804-:6805-:6806-:6807+:6808+:6809-:6810-:6811-:6812-:6813+:6814+:U_CORE4563-,1,E00004
START_CORE3981-:5722+:5721+:5720+:5719+:5718+:5717+:5716+:5715-:5714-:5713-:5712+:5711+:5710-:5709+:5708+:5707-:5706-:5705+:5704+:5703-:5702-:5701-:5700-:5699-:5698-:5697+:5696+:U_CORE3975-,1,E00002
START_CORE3981-:5722+:5721+:5720+,3,"E00032,E00034,E00035"
START_CORE3981-,1,E00003
